"RegionName","State","Metro","CountyName","SizeRank","2010-02","2010-03","2010-04","2010-05","2010-06","2010-07","2010-08","2010-09","2010-10","2010-11","2010-12","2011-01","2011-02","2011-03","2011-04","2011-05","2011-06","2011-07","2011-08","2011-09","2011-10","2011-11","2011-12","2012-01","2012-02","2012-03","2012-04","2012-05","2012-06","2012-07","2012-08","2012-09","2012-10","2012-11","2012-12","2013-01","2013-02","2013-03","2013-04","2013-05","2013-06","2013-07","2013-08","2013-09","2013-10","2013-11","2013-12","2014-01","2014-02","2014-03","2014-04","2014-05","2014-06","2014-07","2014-08","2014-09","2014-10","2014-11","2014-12","2015-01","2015-02","2015-03","2015-04","2015-05","2015-06","2015-07","2015-08","2015-09","2015-10","2015-11","2015-12","2016-01","2016-02","2016-03","2016-04","2016-05","2016-06","2016-07","2016-08","2016-09","2016-10","2016-11","2016-12"
"New York","NY","New York","Queens",1,,,,2400,2500,2500,2375,2450,2500,2450,2495,2200,2100,2400,2500,2500,2350,2300,2400,2300,2350,2425,2400,2400,2465,2495,2500,2500,2500,2520,2550,2595,2600,2600,2600,2595,2650,2603,2650,2699,2700,2640,2650,2700,2700,2650,2613,2600,2600,2600,2600,2650,2645,2300,2295,2295,2250,2275,2200,2200,2275,2295,2350,2375,2300,2250,2300,2300,2250,2200,2200,2200,2200,2200,2275,2300,2350,2337,2325,2399,2495,2400,2200
"Los Angeles","CA","Los Angeles-Long Beach-Anaheim","Los Angeles",2,,,,,,,,,1345,1345,1395,1350,1350,1395,1395,1400,1400,1350,1336,1295,1250,1250,1200,1287.5,1350,1399,1395,1420,1400,1395,1395,1450,1509.5,1500,1430,1450,1575,1588,1550,1550,1550,1482.5,1450,1495,1515,1352.5,1525,1495,1495,1454.5,1495,1595,1600,1650,1695,1701,1750,1726,1770,1755,1799,1795,1752,1795,1825,1805,1800,1850,1850,1850,1850,1990,1999.5,2020,2025,2000,1995,1958,1925,1995,1900,1940,1895
"Chicago","IL","Chicago","Cook",3,,,,,,,,,1397,1382,1400,1260,1295,1275,1300,1315,1390,1350,1305,1333,1325,1333,1382,1399,1350,1295,1275,1350,1400,1400,1415,1475,1500,1477,1500,1500,1600,1500,1550,1590,1600,1590,1595,1570.5,1545,1588,1640,1617,1545,1505,1498,1499,1541.5,1635,1525,1662.5,1697,1650,1500,1600,1655,1503,1510,1525,1500,1495,1495,1645,1700,1794,1700,1670,1732,1595,1550,1545,1510,1495,1495,1495,1500,1550,1550
"Houston","TX","Houston","Harris",4,,,,,,,,,,,,,,,,,,,,,,,,,,,,,,,,,,,,,,,,,,,,,,1260,1109,1220,1113.5,1072,1105,1210,1209,1230,1200,1226,1240,1179,1192,1183,1200,1200,1225,1230,1225,1225,1223.5,1237.5,1240,1355,1354.5,1374.5,1295,1325,1300,1295,1283.5,1246,1195,1238,1184.5,1140,1196
"Philadelphia","PA","Philadelphia","Philadelphia",5,,1450,1350,1412.5,1575,1575,1625,1410,1400,1410,1400,1294,1295,1295,1270,1195,1180,1100,1100,1100,1000,1025,1050,999,1130,1195,1250,1200,1250,1200,1197,1150,1175,1118,1100,1075,1200,1195,1177.5,1250,1154.5,1193.5,1150,1250,1249,1250,1250,1057.5,1095,1075,1141,1300,1300,1295,1256.5,1200,1200,1199,1152.5,1130,1125,1200,1300,1275,1260,1200,1250,1199,1195,1250,1200,1250,1225,1295,1300,1350,1300,1300,1300,1289,1350,1300,1310.5
"Phoenix","AZ","Phoenix","Maricopa",6,,,,,,,,618.5,700,700,699.5,695,685,695,700,750,695,650,667,671.5,650,636,615,600,649,673,655,655,670,680,695,700,705,695,685,670,672.5,675,669,670,667,675,666,675,655,650,667.5,707,700,699,706,688,699,695,708.5,700,700,696,705,710,730,753.5,755,765,775,760,775,790,795,825,895,880,875,900,875,850,940,850,876,875,864,850,834
"Las Vegas","NV","Las Vegas","Clark",7,,,,,,,,,,,,,,,,,772.5,700,700,700,650,625,649,615,629,649,602.5,599.5,629.5,625,625,640,650,640,625,625,625,640,650,680,700,699,675,650,650,671,700,677.5,675,675,690,700,697,720,725,749.5,750,759,779,773.5,795,792.5,779.5,785,800,809,813.5,795,780,820,875,858.5,845,875,850,850,879,825,875,850,847,839,852
"San Antonio","TX","San Antonio","Bexar",8,,,,,,,,,,,,652.5,597,595,595,595,600,637.5,646.5,650,624.5,650,662.5,675,715,730,695,685,679,679,725,725,700,707.5,694.5,710,712.5,734,750,730,731,729,750,760,775,775,790,799,800,800,800,775,795,785,786.5,779,775,779,787,784.5,790,775,769.5,775,775,780.5,793,795,800,849.5,850,825,819,847,825,800,821,804,820.5,834,790,809,794.5
"San Diego","CA","San Diego","San Diego",9,,,,,,,,,,,,1250,1250,1230,1287,1250,1250,1350,1400,1450,1449.5,1300,1300,1350,1320,1360,1295,1295,1330,1300,1300,1350,1329,1335,1350,1340,1350,1355,1350,1349,1330,1300,1350,1375,1325,1255,1400,1450,1395,1380,1450,1625,1600,1595,1650,1610,1650,1682,1650,1690,1705.5,1650,1686,1697,1702.5,1735,1780.5,1800,1775,1744.5,1750,1750,1750,1756,1750,1695,1680,1850,1725,1810,1695,1713,1695
"Dallas","TX","Dallas-Fort Worth","Dallas",10,,,,,,,,,,,,,,,,,,929,837,845,798.5,755,880.5,850,860,943,875,985,1000.5,962,920.5,1006,1000,1026,1071.5,1143,1050,1079,1079,1022,1095,1098,1049,1095,1107,1150,1158,1175,1143,1135,1164,1150,1175,1144,1108.5,1120,1150,1199,1197,1158,1129.5,1119,1155,1150,1164,1196.5,1200,1229,1200,1195,1195,1205,1255,1275,1250,1240,1261.5,1265,1235,1310,1275,1250,1215
"San Jose","CA","San Jose","Santa Clara",11,,,,,,,,,,,,,,,,,,,,,,,,,,,,,,,,,,1667.5,1650,1589.5,1600,1643,1581,1630,1545,1778,1732.5,1781,1725,1775,1988,1986,1962,1952,2045.5,2038,2047.5,2200,2194.5,2310,2315,2300,2315,2335,2340,2340,2425,2450,2495,2571,2615.5,2545,2525,2530,2527,2550,2538,2530,2467.5,2439,2438,2497,2385.5,2395,2309,2300,2372
"Jacksonville","FL","Jacksonville","Duval",12,,,,,,,,,650,637.5,665,704.5,725,725,725,725,725,699,695,710,725,726.5,718,700,695,700,710,725,725,715,695,676,699,695,750,790,799,811,811,813,815,845,850,860,860,860,860,870,870,870,875,875,885,880,880,885,890,895,895,895,895,895,897,900,925,860,837,825,825,850,840,866.5,900,900,897.5,900,900,895,900,895,900,842.5,875
"San Francisco","CA","San Francisco","San Francisco",13,,,,,,,,,,,,,2000,1975,2100,2195,2175,2395,2520,2695,2600,2600,2398,2550,2643.5,2610,2595,2650,2751.5,2750,2650,2700,2745,2750,2795,2797.5,2750,2800,2846,3000,2985,2993.5,2955,2950,2900,2995,3047,3105,3000,2995,3040,3250,3295,3289,3315.5,3350,3392.5,3379,3420,3495,3500,3495,3500,3500,3595,3495,3550,3525,3500,3479,3405,3614,3625,3600,3595,3600.5,3500,3450,3320,3295,3200,3200,3108
"Indianapolis","IN","Indianapolis","Marion",14,,,,,,,,,,,,,,,,,,,575,623,621,520,590,613.5,625,590,543,528,525,549.5,555,580,580,580,554,549,569,575,569,570,535,535,549.5,587.5,595,570,565,549,537.5,535,550,550,565,565,566,575,580,575,575,562.5,580,599,659,669,659,660,650,699,699,724,709,709,709,729.5,740,765,725,739,715,764,729.5,763.5,750
"Austin","TX","Austin","Travis",15,,,,,,,,,,1000,1005,869,850,826,879,900,895,870,765,760,799,923,890,905,930,940,930,945,930,895,871,929,915,906,884,860,880,860,875.5,875,880,895,905,925,950,995,999,1000,980,1050,1104,1016,1000,1038,1036,1050,1041,1075,1015,1015,1050,1025,1070,1024,1025,1056,1075,1090,1095,1085,1094,1094,1095,1109.5,1100,1083,1100,1069,1080,1083.5,1044,1020,1000
"Fort Worth","TX","Dallas-Fort Worth","Tarrant",16,,,,,,,,,,,,,704.5,717,650,650,650,737.5,662,650,645,611,616,650,699,699,669,673,700,699,710,700,700,694,697,699,698,705,706.5,735,726,727,700,745.5,733.5,670,751,795,780,778,834,799,802,773,775,751,781,826,850,870,925,919.5,900,895,869,873,943.5,932,982,953,951.5,950,961.5,998,991,1039,1010.5,982,1050,1023,967,1005,975
"Detroit","MI","Detroit","Wayne",17,,,,,,,,,,,,,,,,,,,,,,475,500,525,520,525,525,525,500,500,500,525,525,525,500,500,500,525,500,500,500,500,500,530,530,527.5,500,500,525,525,500,529.5,550,525,550,550,525,525,550,550,550,550,550,530,530,525,525,500,520,520,525,525,534.5,545,550,535,550,625,636,550,550,550,585
"Columbus","OH","Columbus","Franklin",18,,,,,,,,,,,,,,,,,,,,,,,,,,,,,,,,,,530,549,549,580,569,595,599.5,599,565.5,565,525,525,540,550,569,575,575,645,650,634,650,709,679.5,629,599,649,699,699,699,724.5,759,759,779.5,775,772,661,669,741,749,749,750,747,798,820,814,850,780,849.5,758,800
"Memphis","TN","Memphis","Shelby",19,,,,,,,,,,,,,850,774.5,850,800,772,750,678,675,730,695,644,630,656,622,652,654,595,601,644,640,625,691,665,645,679,695,685,650,640,630,625,625,625,595,585,564.5,575,556.5,591,595,595,600,598.5,595,597,625,625,650,645,650,727.5,650,645,625,639,650,700,730,695,695,727.5,824,838,761,725,673,700,691,640,672,700.5
"Charlotte","NC","Charlotte","Mecklenburg",20,,,,,,,,,,,,,875,800,700,750,800,839,836,855,825,850,865,900,875,820.5,755,766,761,795,825,900,888,874.5,844.5,795,804,842,846,855,849.5,890,870,1019.5,983.5,925,925,949.5,927.5,915.5,930,999,1050,1000,1029,980,995,995,1000,1064.5,1010,1020,1060,1085,1039,1060,1050,1055,1050,1062,1025,1067,1205,1273,1190,1205,1230,1261,1155,1270,1259,1191.5,1178
"El Paso","TX","El Paso","El Paso",21,,,,,,,,,,,,,,,,,,,,,,,,,,,,,,550,622,563,495,497.5,550,575,575,599,600,600,614,602.5,593,575,575,550,577,550,550,525,525,525,560,525,602.5,602.5,605,650,580,590,621,675,675,675,618.5,617,580,550,530,595,563,585,589,599.5,622.5,645,595,608,618,560,566.5,595,571
"Boston","MA","Boston","Suffolk",22,,,,,,,,,,,,1920,1850,1715,1675,1650,1650,1750,1850,2125,2170,2200,2100,1895,1800,1825,1800,1850,1800,1850,1900,2200,2050,2200,2200,2100,2000,1970,1950,1940,1950,2000,2000,2050,2100,2100,2075,2000,1975,1975,1995,1995,1995,1975,1995,1975,2000,2100,2100,2100,2100,2025,2050,2050,2015,2060,2095,2100,2150,2150,2150,2100,2050,2025,2000,2000,2000,1950,2000,1975,2080,2025,2100
"Seattle","WA","Seattle","King",23,,,,,,,,,,,,1095,1095,1050,1100,1195,1197.5,1200,1195,1095,1145,1110,1100,1100,1180,1220,1250,1250,1325,1295,1308,1395,1430,1440,1427.5,1400,1450,1453.5,1450,1450,1445,1485,1476,1543,1485,1495,1555,1500.5,1495,1495,1554,1640,1695,1725,1705,1710,1656,1650,1644,1667,1700,1707,1705,1700.5,1711,1740,1750,1755,1745,1745,1739,1745,1750,1805,1795,1860,1803.5,1727.5,1817.5,1817,1795,1749,1740
"Baltimore","MD","Baltimore","Baltimore City",24,,,,,,,,,,,,,,,,,,,,,,,,,,,,,,,,,,,,,,,,,,,,,,,,,,,,,,,,,1050,1070,1161,1100,1143.5,1225,1130,1100,1150,1210,1199,1171,1100,1100,1085,1063,1131.5,1174.5,1242.5,1175,1195,1135,1150,1180,1205,1125,1137
"Denver","CO","Denver","Denver",25,,,,,,,,,,,,,,,,,,,,,,,950,925,957,1050,1055,1039,1050,1005,1055,1095,1095,1055,1100,1049,1110,1100,1120,985,990,1055,1097,1050,1054,1078.5,1220,1192,1153.5,1135,1200,1250,1227,1322.5,1399,1435,1399.5,1437,1425,1428.5,1452.5,1435,1450,1450,1475,1485,1500,1500,1465,1455,1453,1439,1450,1425,1385,1410,1398,1396.5,1495,1399,1314.5,1310.5,1325
"Washington","DC","Washington","District of Columbia",26,,1750,1999.5,1850,1812.5,1900,1825,1900,1950,1950,2015,2090.5,2095,1950,2000,1935,1995,2100,2400,2350,2375,2200,2230,2251.5,2230,2260,2276,2300,2335,2315,2314,2315,2295,2300,2300,2305,2285,2260,2240,2113,2100,2090,2200,2100,2050,2082,2050,2100,2100,2035,2040,2089.5,2092,2100,2125,2094,2095,2100,2100,2100,2100,2140,2100,2095,2100,2139.5,2137,2180,2160,2154.5,2180,2170,2176,2170,2175,2182,2179,2080,2148,2139,2125,2060,2060
"Nashville","TN","Nashville","Davidson",27,,,,,,,,,,,,,,,,,,,,,,,,,,,,,,,,,,,,,,,,,,,,,,,,,,,,,,,1050,1150,1150,1297.5,1263.5,1195,1274,1350,1295,1300,1200,1149.5,1295,1350,1371,1397.5,1371,1415,1400,1399,1395,1442.5,1495,1565,1400,1495,1397.5,1595,1500
"Tucson","AZ","Tucson","Pima",28,,,,,,,,,,,,535,525,535,580,575,550,550,544.5,550,520,500,525,519,520,509,539,539,539,525,539,525,523,522,520,510,520,520,509,500,497,500,500.5,490,495,482,485,499,499.5,500,525,520,535,522.5,535,525,525,525,520,512,529,525,540,549,550,550,525,525,537,605,560,560,556.5,569.5,564.5,569,535,575,589,550,575,569.5,580
"Portland","OR","Portland","Multnomah",29,,,,,,,,,,,,,,,,,,,,,,,,,,,,,,,,,,,,,,,,,,,,,,,,,,,,,,,,,,,,,,,,,,,,,,,1600,1575,1647,1622,1612,1600,1550,1545.5,1507.5,1525,1455.5,1400,1475
"Omaha","NE","Omaha","Douglas",30,,,,,,,,,,,,,,,,,,,,525,525,539,550,539,552,575,575,579.5,577,585,597,625,625,600.5,599,605,619.5,650,630,628,625,678,643,695,750,695,612.5,695,697,690,702.5,700,702.5,685,695,695,672,600,700,715,750,795,765,742.5,745,735,750,765,750,765,769,752.5,759,759,755,750,750,745,735,755,790,782.5,680
"Albuquerque","NM","Albuquerque","Bernalillo",31,,,,,,,,,,,,,,,,,,,,,,,,,,630.5,600,586,599,600,625,650,610,610,620,610,605,625,625,625,610,599,599,595,591,559.5,594,565,545,545,565,575,575,579,595,575,597,593,595,595,600,583.5,575,660,660,658,660,658,650,658,700,749,700,715,710,724,650,658,650,659.5,630,658,654
"Sacramento","CA","Sacramento","Sacramento",32,,,,,,,,,,,,695,695,695,695,725,695,750,695,725,700,675,690,694,689.5,695,695,685,693,689,775,795,800,887.5,849,770,850,792,809,750,730,750,754,750,750,750,750,750,750,750,760,775,775,780,795,795,800,825,795,795,827.5,845,865,875,895,895,950,949,925,950,999.5,1025,980,964,1030,1102.5,1025,1025,1030,1050,1095,1095,1050
"Mesa","AZ","Phoenix","Maricopa",33,,,,,,,,,,,,,,,,570,599,565,549.5,549,567,565,587.5,587.5,594,600,599,619,585,559,575,595,597,599,599,594,589,599,608,595,595,599,599,600,593,609,626,629,637.5,677.5,684,620,650,667,620,600,620,625,599,599,609,627,639.5,642.5,645,639,637,625,650,650,700,690,693,705,699.5,693.5,715,755,707.5,770,700,725,745.5
"Long Beach","CA","Los Angeles-Long Beach-Anaheim","Los Angeles",34,,,,,,,,,,,,,1147.5,1150,1000,995,975,1122.5,1112.5,995,900,900,925,995,995,1050,1000,995,995,995,1025,995,1025,1070,1045,1050,1050,1095,1065,1050,1050,1060,1080,1000,1000,1000,995,995,975,960,975,1082.5,1075,1045,1100,1050,1050,1025,1095,1100,1100,1100,1195,1195,1150,1100,1195,1225,1195,1250,1325,1295,1300,1372.5,1350,1325,1375,1400,1450,1395,1350,1295,1400
"Kansas City","MO","Kansas City","Jackson",35,,,,,,,,,,,,,,,,,,,,,,,,,,,,,,,,,,,,,,,,,,,,,,800,699,722,689,708,700,725,668,700,685,676,680,675,689,692,729,729.5,750,750,760,730,761,749,734,720,725,730,820,795,820,820,842,804.5,783.5,852,829,805,850
"Virginia Beach","VA","Virginia Beach","Virginia Beach City",36,,,,,,,,,,,,870,875,895,930,995,934,949.5,995,965,1000,995,930,916,929,917,918,903,952.5,950,1121,1145,1151,1105,1110,1067.5,1091,1070.5,899,919,988.5,955,969,935,935,935,899,869,869,899,899,939,949.5,939,895,895,900,915,907.5,915,919,919,905,900,900,910,910,900,930,962,972.5,970,930,974,943,947,965,997,1044,1035,1000,1150,1009
"Colorado Springs","CO","Colorado Springs","El Paso",37,,,,,,,,,,,,,,,,,,685,691.5,695,637.5,607,665,700,725,709.5,655,625,645,640,625,650,695,675,695,635,650,655,660,687.5,685,685,625,525,575,575,625,647.5,630.5,635,645,645,672.5,660,671.5,699.5,695,650,650,632,649,650,625,635,695,670,689,695,684.5,725,700,700,720,776.5,800,745,725,825,714.5,750,760,797.5,750
"Atlanta","GA","Atlanta","Fulton",38,1122.5,1080,1100,1100,1200,1200,1050,1000,1050,1065,1000,1050,1100,1090,1125,1150,1150,1088,1091,1050,1010,1040,1085,1015,1005,1009,1000,1005.5,1035,1060,995,992,992,955,918,950,926.5,1005,1060.5,1100,1120,1100,1134,1174.5,1180,1133.5,1160,1150,1150,1164,1200,1225,1205,1200,1245.5,1289,1250,1240,1235,1250,1291,1300,1304.5,1300,1362.5,1360,1390,1400,1375,1369,1355,1376,1359,1389,1406,1398,1439,1403,1419,1395,1400.5,1359,1354
"Miami","FL","Miami-Fort Lauderdale","Miami-Dade",39,1500,1500,1550,1500,1500,1450,1450,1650,1600,1550,1575,1590,1580,1580,1550,1600,1600,1600,1650,1650,1650,1670,1695,1680,1690,1700,1700,1700,1700,1700,1700,1700,1700,1700,1750,1750,1800,1800,1800,1800,1850,1895,1900,1850,1850,1850,1850,1850,1850,1850,1800,1850,1869,1896,1900,1900,1875,1850,1875,1850,1900,1900,1950,1987,2000,2000,2000,2000,2000,2000,2000,2000,2000,2000,2000,1975,1950,1950,1900,1950,1900,1920,1900
"Oakland","CA","San Francisco","Alameda",40,,,,,,,,,,,,,,,,,,,,,,,,,,,,,,,,,,,,,,,,,,,,,,,,,,,,,,,,,,,,,,,1895,1950,1925,2200,2275,2200,2195,2278.5,2300,2297.5,2300,2197.5,2295,2250,2290,2285,2300,2300,2200,2200,2000
"Tulsa","OK","Tulsa","Tulsa",41,,,,,,,,,,,,,,,,,,,,,,,,,,,,,,,,,,,,,,,,,,,,,,,,,,,,,,,,,,,,,,,,,,,,,,,699,645,587.5,595,595,609,662,613,675,652,562.5,644,650
"Honolulu","HI","Urban Honolulu","Honolulu",42,,,,,,,,,,,,,,,,,,,,1500,1500,1485,1450,1475,1500,1500,1550,1500,1500,1500,1500,1550,1501,1662.5,1750,1600,1650,1650,1725,1750,1750,1650,1700,1700,1525,1600,1600,1600,1600,1550,1600,1700,1700,1650,1600,1600,1600,1695,1800,1800,1950,1900,1900,1867,1875,1875,1841,1800,1750,1700,1750,1737.5,1700,1750,1800,1800,1700,1650,1650,1650,1697.5,1600,1800
"Minneapolis","MN","Minneapolis-St Paul","Hennepin",43,,,,,,,,,,,,,,,,,,,,,,,,,,,,,,,,,,,,,,,,,1395,1355,1405.5,1450,1250,1285,1195,1195,1250,1250,1295,1295,1293.5,1195,1307.5,1300,1295,1195,1177.5,1215,1269,1300,1295,1272.5,1350,1370,1435,1460,1468,1467,1423.5,1440,1424,1416,1440,1421.5,1340,1340,1425,1433,1425,1390,1245
"Baton Rouge","LA","Baton Rouge","East Baton Rouge",44,,,,,,,,,,,,,,,,,,,,,,,,,,,,,,,,,,,,,,,,,,,,,,,,,,,,,,,,,,,,,,,,,,,,929,779,779,819,940,899.5,961,934.5,909,889.5,899.5,889.5,904,966,1000,984.5
"New Orleans","LA","New Orleans","Orleans",45,,,,,,,,,,,,,,,,,,,,,,,,,,,,,,,,,,,,,,,,,,,,,,,,,,,,,,,,,,,1250,1200,1097.5,1150,1265,1400,1370,1450,1400,1350,1300,1250,1287.5,1300,1350,1295,1262.5,1250,1300,1225,1200,1300,1200,1250,1250
"Arlington","TX","Dallas-Fort Worth","Tarrant",46,,,,,,,,,,,,,,,,,,,,535.5,550,539,525,539,565,579,575,600,585,565,566,583.5,599,601.5,595,591,595,611,615,625,615,604,632,649.5,622.5,599,642,667.5,650,652,650,668,669,665,665,671,671,660,665,650,650,705,745,732,727.5,750,773,780,765,810,840.5,805,807,822,813,795,785,812,827,850,845,777.5,849
"Raleigh","NC","Raleigh","Wake",47,,,,,,,,,,,,650,650,645,699,710,695,662,700,723,750,762,741,790,775,765,802,820,786,768,785,769,745,718,729,709.5,721,740.5,765.5,800,801,799,829,849,823,769,799,825,825,814.5,803,800.5,825,800,822,829,840,769.5,840,814.5,830,830,825,855,860,850,915,905,936,1080,1067.5,1099,1075,1120,1120,1102,1129,1120,1070,1079,1168,960,995
"Wichita","KS","Wichita","Sedgwick",48,,,,,,,,,,,,,,,,,,,,,,,,,,,,,,,,,,,,,,,,,,,,,,,,,,,,,,,,,,,595,575,537.5,510,517.5,550,525,495,479,487,475,500,494,470,463,475,480,481,493,525,507.5,490,512,557.5,547.5
"Anaheim","CA","Los Angeles-Long Beach-Anaheim","Orange",49,,,,,,,,,,,,995,995,995,995,1025,1035,1037.5,1061,1065,1040,1110,1085,1100,1129,1140,1144.5,1140,1117.5,1135,1135,1135,1140,1150,1155,1145,1160,1160,1150,1170,1167.5,1165,1175,1175,1155,1220,1302.5,1210,1195,1195,1217.5,1250,1245,1235,1265,1287.5,1240,1257.5,1285,1250,1277.5,1300,1332.5,1365,1425,1435,1502.5,1478,1530,1577,1651.5,1670,1574.5,1615,1621,1640,1782,1883,1670,1702,1650,1646,1678
"Aurora","CO","Denver","Arapahoe",50,,,,,,,,,,,,,,,,,,597.5,705,700,679.5,672.5,695,695,705,763,820,787.5,765,800,795,749,765,719,730,737,739,776,778,717,710,725,725,750,750,775,786,800,790,785.5,800,902.5,952.5,904.5,885,935,920,846,876,909,949,962,966.5,1000,975,1000,1020,999.5,992,1149,1095,1080,1081,1070,1035,1050,1057.5,1089,1039,1053,1050,995,1010
"Saint Louis","MO","St. Louis","Saint Louis City",51,,,,,,,,,,,,,,600,602.5,602.5,627.5,560,525,525,550,595,595,599,595,595,600,700,664,650,675,599,599,599,599,595,625,625,650,599,595,625,600,585,600,625,625,582.5,625,625,650,599,625,600,650,695,695,636.5,699,730.5,730,700,750,750,725,700,700,715,677.5,700,675,675,700,725,759,740,750,745,700,725,720,699,745
"Corpus Christi","TX","Corpus Christi","Nueces",52,,,,,,,,,,,,,,,,,,,,,,,,,,,,,,,,,,,,,,,,,,,,,,,,,800,850,904.5,918.5,872.5,837,849,895,850,805,851.5,810,796,800,800,790,790,795,805,825,895,913,950,999,950,916,944.5,949,859,916,897,916,789,889,912.5
"Cincinnati","OH","Cincinnati","Hamilton",53,,,,,,,,,,,,,,,,,,,,,,,,,,,,,,,,,,,,,,,,,,,,,,,,517.5,509.5,550,550,550,595,545,570,550,549,545,550,550,550,595,600,610,600,599.5,595,625,595,675,645,610,625,650,695,695,660,675,675,725,725,750,715
"Riverside","CA","Riverside","Riverside",54,,,,,,,,,,,,,,,,,,,,,850,805,810,895,868,851,815,825,825,850,825,825,852.5,908,895,877,875,855,855,825,792.5,810,800,775,795,832,825,800,800,800,850,895,857.5,875,895,865,850,912.5,879,879,905,975,1068.5,1097,1072,1070,1045,1090,1042.5,1102.5,1127.5,1136,1165,1154,1150,1175,1000,1015,995,1045,1040,1065,1077.5
"Marietta","GA","Atlanta","Cobb",55,,,,,,,,,,,,,,,,,,,,,,,,,,,,,,,,,,,,,,,,,,,,,,,,,,,,,746.5,772.5,756,799,875,799.5,850,904,858,838.5,864.5,882.5,878,874,897.5,895,850,877.5,890,880,887,896,867,871,879,870,848.5,895,864,870,819
"Anchorage","AK","Anchorage","Anchorage",56,,,,,,,,,,,,,,,,,,,,,,,,,,,,,,,,,,,,,,,,,,,,,,,,,945,945,915,995,995,960,975,1020,927.5,1040,950,950,957.5,985,995,957.5,975,937.5,942.5,975,920,925,985,980,972.5,995,925,982,900,975,1000,897.5,950,925,975
"Silver Spring","MD","Washington","Montgomery",57,,,,,,,,,1167,1100,1172,1179,1250,1283,1256,1279,1300,1400,1355,1395,1165,1287.5,1332,1252.5,1258,1440,1466,1560,1560,1560,1597.5,1605,1635,1575,1614.5,1617,1592,1600,1573,1538,1575,1526,1550,1415,1520,1451,1546,1575,1580,1580,1580,1575,1615,1655,1645,1635,1630,1574.5,1597,1620,1650,1601,1600.5,1595,1559,1555,1570,1564,1564,1510,1488,1544,1545,1529,1544,1553,1532,1515,1492,1585,1455,1492,1534
"Lexington","KY","Lexington","Fayette",58,,,,,,,,,,,,,,,,,,,,,615,640,635,620,615,630,655,635,650,655,635,640,642.5,645,590,592.5,640,650,655,654,654.5,615,589,580,630,685,640,590,625,625,650,715,675,730,759,733.5,719,670,680,654.5,631,647.5,685,719,719,719,719,720,642.5,730,735,735,738,732,723,732,744,797,750,745,750,680,749
"Newark","NJ","New York","Essex",59,,,,,,,,,,,,,,,,,,,,,,,,,,,,877.5,880,800,800,800,825,797,750,800,800,825,825,800,800,825,800,800,790,775,800,797.5,795,800,800,850,850,800,800,825,800,803,850,850,850,850,850,850,880,886.5,885,895,890,875,900,900,899.5,867.5,875,875,875,972.5,950,890,900,950,985
"Tallahassee","FL","Tallahassee","Leon",60,,,,,,,,,,,,,,,,,,,,,,,617.5,625,650,667,622.5,650,650,709,709.5,650,677.5,695,635,650,670,695,685,687,651,595,557,525,505,550,550,550,550,560,560,555,550,550,499.5,550,550,597.5,585,599,550,575,597,597,599,610,600,625,550,550,625,625,625,625,650,636,625,615,575,645,636,662.5,675
"Plano","TX","Dallas-Fort Worth","Collin",61,,,,,,,,,,,,,,,,786,786,786,735,750,759,766,789,794,796,804,815,789,794,816,805,807,835,830,842,880,870,852,856,895,900,889.5,879,889,909,901.5,899,901.5,895,905.5,925,929,968.5,946,927,902,890,939,951,969,931,920,952,960,980,1003,1023,1005,1034,1039,1035,1025,1049,1067,1039,1062,1078,1069,1075,1199.5,1124,1085,1070
"Buffalo","NY","Buffalo","Erie",62,,,,,,,,,,,,,,,,,,,,,,,,,,,,,,,,,,,,,,,,,,,,,,,,,,,,,,,,,,,,,,,,,,1200,1195,1260,1200,1160,1260,1250,1200,1260,1290,1220,1150,950,862.5,916,800,857.5,762.5
"Chandler","AZ","Phoenix","Maricopa",63,,,,,,,,,,,,,,,,,,728.5,733.5,725,729.5,749,772,782,750,780,776.5,779,760,762,778.5,796.5,794,791,784,784,780,774,764,769,777,782,778,778,794,780,792,805,820,814,824.5,832.5,828.5,812.5,832,825,835.5,855,830,859.5,846.5,844.5,866,882,894,892,899,893.5,895,960,949.5,962.5,952.5,975,1000,971,966.5,1005,957,982,956,975,915
"Louisville","KY","Louisville/Jefferson County","Jefferson",64,,,,,,,,,,,,,,,,,,,,,,,,,,,,,,,,,,,,,,,750,667,650,671,699,700,675,697,700,675,750,750,800,920,800,850,790,750,707.5,715,745,710,699,700,699,700,750,720,729,700,700,740,700,725,725,750,750,747.5,775,850,750,770,750,782.5,750
"Jersey City","NJ","New York","Hudson",65,,,,,,,,,,,,,,,,,,,,,,,,,,,2075,1965,1915,1885,1807.5,1950,2119.5,2025,2213.5,2200,2095,2000,1950,1980,2065,2000,2000,1950,1950,2000,2012.5,1960,1850,1800,1810,1955,1900,1960,2000,1900,1900,1670,1700,1900,2000,1950,2000,1977.5,1985,2070,2102.5,2080,2100,2130,2160,2085,2070,2000,2000,1950,2000,2105,1995,2100,1955,2075,1950
"Lubbock","TX","Lubbock","Lubbock",66,,,,,,,,,,,,,,,,,,,,,,,,,,,,,,,,,,,,,,,,,,,,,,,,,,,,,,,,,,,,,551,635,635,635,625.5,596,608,559,576.5,579,577.5,575.5,603,605,575,578.5,591,608,582,572,575,516,546
"Glendale","AZ","Phoenix","Maricopa",67,,,,,,,,,,,,,,,,,,,,,,,,,,,,,,,,,,,,,,,,,,,,,,,,,,,,,,,,,,,,,,,,,,,,,677,697,699,702.5,721,759,756,688,717,735,733.5,804,758,759.5,685
"Durham","NC","Durham","Durham",68,,,,,,,,,,,,,,,,,,,,,,,,,,,,,,,,,,,,,,,,,,,,,,,,,,,,,,,,,,,,,,,,,,,,,,,1091,1074,1074,1137,1065,1081.5,1101,1015.5,1136.5,1080,970,971,1020
"Orlando","FL","Orlando","Orange",69,,,,,,,,,,635,610,717.5,700,700,725,700,700,700,750,750,750,775,775,775,775,781,786.5,800,800,800,800,767.5,800,795,790,800,795,810,799,836,800,825,825,819,819,825,825,824.5,825,819,825,853,850,832,850,872,850,825,860,875,859,890,908.5,900,875,941,969,975,1010,1057,1060,1050,1019,1013,1039,1050,1050,1068,1050,1101,1075,1039,1050
"Norfolk","VA","Virginia Beach","Norfolk City",70,,,,,,,,,,,,,,,,,,,,,,,,,,,,,,,,,,,,,,,,,,,910.5,775,750,725,750,800,825,837.5,800,800,865,885,775,750,725,795,825,755,795,750,797,865,945,895,900,930,940,936.5,895,825,800,895,945,937.5,899,921.5,905,917.5,965,978,900
"Saint Petersburg","FL","Tampa","Pinellas",71,,,,,,,,850,837.5,800,750,700,700,725,725,725,700,700,700,725,730,750,745,745,700,700,702,720,700,700,750,781,779,795,770,729,772,770,750,700,673.5,692,695,710,725,725,719,725,717,712,700,725,750,750,750,750,777.5,775,770,795,824,800,800,825,850,824,800,809.5,839,885,855,840,885,895,895,895,932,995,895,867.5,840,800,850
"Pensacola","FL","Pensacola","Escambia",72,,,,,,,,,,,,,,,,500,529,550,550,525,550,579,570,590,589,579.5,550,525,525,525,525,542,575,575,554.5,575,590,591,590,590,590,590,614.5,600,592.5,550,529,529,537.5,550,565,575,600,625,612.5,650,650,650,695,650,650,674.5,679,672.5,670,670,650,660,642.5,692.5,655,695,665,750,725,717.5,799,805,745,846,800,725,695
"Greensboro","NC",,"Guilford",73,,,,,,,,,,,,,,,,,,,,,,,,519,537.5,549,550,529,539.5,555,550,625,583,583,589,576,597,586,573,574,600,595,585,635,565,575,565,565,565,550,550,572,575,575,575,550,562.5,587.5,607.5,615,595,585,575,550,575,575,599,602,587,599,625,625,626,610,656,629,629,659,638,605.5,699,632.5,631.5
"Lincoln","NE","Lincoln","Lancaster",74,,,,,,,,,,,,,,,,,,,,,,,,,,,,,,,,,,665,677.5,695,705,700,685,715,685,685,700,725,715,715,707.5,707.5,700,680,695,730,720,737.5,750,712.5,715,750,750,725,730,710,725,750,757,775,790,775,742.5,735,750,740,750,770,800,799.5,730,722.5,750,750,765,800,797.5
"Corona","CA","Riverside","Riverside",75,,,,,,,,,,,,,,,,,,,,,,,,1095,1047,1060,1025,1035,1025,1070,1037.5,1076,1017.5,1050,1040,1012.5,1010,995,975,950,1020,1005,1050,1085,1095,1065.5,1100,1100,1100,1100,1100,1104.5,1120,1150,1145,1150,1145,1172.5,1172.5,1100,1112.5,1132.5,1145,1212.5,1242.5,1185.5,1230,1195,1200,1151,1229,1260,1200,1297,1304.5,1238,1259,1320,1288,1336,1300,1250,1335
"Garland","TX","Dallas-Fort Worth","Dallas",76,,,,,,,,,,,,,,,,,,,,,,,,,,,,,718.5,680,680,666,659,641,659,645,674,675,671,675,667.5,654.5,724.5,779,762.5,720,762,762,725,725,669.5,659.5,655,675,683.5,683.5,660.5,661,648.5,665,670,706,738,740,759,759,738,740,727.5,800,774,910,956.5,955,1010,950,935,932.5,935,979,875.5,946.5,922.5
"Fort Myers","FL","Fort Myers","Lee",77,,,,,,,,,,,,,,,,,,650,650,675,625,645,600,595,650,650,600,650,650,650,650,650,650,664.5,645,649,632.5,682.5,689,688.5,679,675,622,616,650,650,702.5,682,682,685,700,707.5,730,772,775,775,800,794.5,750,788,800,841,836,797.5,845,850,879,885,943,900,926,933,933,939.5,954,938,969,1003.5,950,1053,923,895,974.5
"Fremont","CA","San Francisco","Alameda",78,,,,,,,,,,,,,,,,,,,,,,,,,1350,1354,1354,1377.5,1425.5,1332.5,1400,1425,1535,1530,1585,1492,1610,1671,1585,1563,1563,1577.5,1738,1630,1700,1700,1732,1700,1679,1835,1846,1905,1900,1985,1851,1940,1935,1909,1917,1850,2004.5,2016,2192,2162.5,2198,2165,2207,2198,2127,2185,2141,2200,2210,2211.5,2180,2241,2260,2277,2110.5,2171,2101,2100,2114
"Springfield","MO","Springfield","Greene",79,,,,,,,,,,,,,,,,,,,,,414,405.5,395,400,405,450,415,400,417.5,417.5,415,440,442.5,435,435,434.5,444.5,450,435,450,450,450,450,450,425,449,450,450,449,447,449,450,475,475,475,462.5,450,475,450,475,475,475,475,475,450,450,450,450,455,485,459,459,495,495,495,485,495,450,500,475,495,495,495
"Arlington","VA","Washington","Arlington",80,,,,,,,,,,,,,,,,,,,,,,2170,2140,2049,2050,2100,2125,2100,2141.5,2135,2108,2095,2091,2052.5,2080,2050,1951,1973,1997,1955,1989,1929,1900,1905,1900,1855.5,1873.5,1915,1915,1907,1917,1945,1970,1962.5,1949,1915,1870,1865,1890,1880,1890,1920,1912,1915,1900,1894,1927,1925.5,1929,1940,1915,1919,1935,1950,1986,1980,1965.5,1900,1969,1950,1920,1942.5,1900
"Irving","TX","Dallas-Fort Worth","Dallas",81,,,,,,,,,,,,,,,,,,,,,,,,,,,,,,,,,,,,,,,,,,,,,,,,,,,,,,,,,,,,,,,,,,,,,,,,1295,1119,1054,1065,1038.5,994,1057.5,965,1042,982,1034.5,1100
"Scottsdale","AZ","Phoenix","Maricopa",82,,,,,,,,,,,,,,,,,,,,,,,,,,,,,,,,,,,,,,,,,,,,,,,,,,,,,,,,,,,,,,,,,,,,,,,1239.5,1212,1149.5,1219,1258,1225,1304.5,1190,1142,1169,1150,1149.5,1150
"Rochester","NY","Rochester","Monroe",83,,,,,,,,,,,,,,,,,,,,,,,,,,,,,,,,,,,,,,,,,,,754.5,725,737.5,795,697,660,655,725,725,650,695,735,712.5,695,725,737.5,735,650,650,650,697,725,725,725,700,700,725,695,695,700,712,700,685,730,750,725,750,700,695,650,750
"Irvine","CA","Los Angeles-Long Beach-Anaheim","Orange",84,,,,,,,,1580,1492.5,1515,1590,1585,1585,1585,1575,1582.5,1600,1530,1505,1500,1505,1533,1526,1500,1540,1562.5,1517.5,1525,1510,1529.5,1575,1730,1745,1707.5,1665,1620,1675,1700,1695,1690,1690,1652.5,1649.5,1660,1675,1700,1725,1710,1680,1670,1680,1715,1730,1750,1770,1810,1815,1800,1815,1805,1790,1780,1785,1765,1765,1765,1760,1800,1835,1850,1854.5,1875,1895,1900,1875,1890,1865,1872.5,1895,1900,1930,1950,1905
"Richmond","VA","Richmond","Richmond City",85,,,,,,,,,,,,,,,,,,,,,,,,,,,,,,,,,,,,,,,,,,,,,,,,,,,,,,,,,,,,,,,,,,,,,,,995,1015,1000,995,1047.5,1023.5,997,1025,996.5,995,999.5,982,955
"Bradenton","FL","North Port-Sarasota-Bradenton","Manatee",86,,,,,,,,,,,,,650,600,600,600,600,600,600,600,600,694,750,750,774,779,757.5,750,699,700,700,700,650,700,692.5,656,687,675,686,700,700,750,724.5,690,700,760,797,800,817.5,839,844.5,730,747.5,761.5,743,750,750,795,800,795,795,852.5,916,936,893.5,882.5,855,869,928,951.5,990,1041,995,1002,1019,1062,950,975,1049,991.5,960,1000,1000
"Santa Rosa","CA","Santa Rosa","Sonoma",87,,,,,,,,,,,,,,,,,,,,,,,,,,,,,,,,,,,,,,,,,,,,,,,,,,,,,,,,,,,,,,1442,1481.5,1395,1473,1497.5,1415,1450,1397.5,1574,1589.5,1599,1604,1589,1562,1679,1500,1475.5,1669.5,1630,1557,1525,1541
"Des Moines","IA","Des Moines","Polk",88,,,,,,,,,,,,,,,,,,,,,,,,,,,,,,,,,,,,,,,,,,,,,,,,,,,,,,,,,,,,,,,,,,,635,675,655,670,737.5,750,757,757,757,757,748.5,725,754,757,757,757,757
"Reno","NV","Reno","Washoe",89,,,,,,,,,,,,585,525,535,525,515,495,500,525,560,599,589,587,575,587,595,595,595,537.5,575,550,575,550,550,550,599,595,595,595,575,550,600,600,620,589,600,547.5,550,560,577.5,580,600,550,550,600,595,595,600,599.5,599,620,650,625,600,599,625,650,650,650,695,700,675,685,650,695,675,695,730,655,685,765,695,725
"Spokane","WA","Spokane","Spokane",90,,,,,,,,,,,,,,,,,,,,,510,495,495,495,545,550,550,550,505,485,485,495,505,525,550,550,550,545,525,525,499,505,499,460,455,500,510,507.5,515,525,525,530,499,550,567.5,547.5,545,530,590,585,575,590,590,575,570,550,567.5,550,570,555,575,575,575,575,585,585,575,580,625,625,615,650,650
"Tacoma","WA","Seattle","Pierce",91,,,,,,,,,,,,,,,,,712.5,650,625,650,662.5,699,700,695,695,715.5,705,695,700,695,715,710,710,730,735,745,725,725,740,752.5,750,745,759.5,734,767.5,747.5,775,700,775,755,850,865,855,855,855,782.5,825,795,780,797.5,825,855,806,935,920,900,1017,910,925,935,932.5,895,890,919,970,946,950,1085,1045,975,1100,1100,1085
"Oceanside","CA","San Diego","San Diego",92,,,,,,,,,,,,,,,,,,,,,,,,,,,,,,,,,,,,,,,,,,,,,,,,,,,,,,,1511,1425,1297,1232,1287.5,1287.5,1295,1462.5,1385,1385,1370,1375,1362.5,1395,1395,1397.5,1403,1452,1439,1435,1437,1450,1435,1425,1550,1543.5,1395,1472.5,1495
"Woodbridge","VA","Washington","Prince William",93,,,,,,,,,,,,,,,,,,,,,1190,1156.5,1149,1180,1179,1201,1210,1181.5,1185,1210,1244,1225,1196,1163.5,1199,1276,1288,1283,1345.5,1310,1269,1368,1363,1250,1250,1219,1186,1167,1166.5,1200,1224,1253,1217,1250,1169.5,1180,1150,1179,1172.5,1177,1210,1215,1237,1205,1250,1275,1260,1255,1226,1200,1207,1222,1255,1253,1227,1210,1245,1239,1286.5,1242,1200,1244.5,1245
"Boise","ID","Boise City","Ada",94,,,,,,,,,,,,,,,,,,,,,,,,570,575,575,575,565,565,575,585,585,595,595,605,595,610.5,649.5,625,625,595,595,595,550,550,575,550,550,550,555,575,585,575,625,595,575,600,612.5,595,600,625,625,625,600,600,650,650,650,657.5,662.5,650,700,725,679,675,650,675,675,650,725,720,637.5,625
"Salt Lake City","UT","Salt Lake City","Salt Lake",95,,,,,,,,,,,,,,,,,,,,,,,,,,,,,,,,,,,,,,,,700,697,699,699.5,699,684,695,687.5,710,706.5,700,700,700,700,700,700,722.5,712.5,710,727,725,722.5,765,772,765,800,830,790,795,812,869,850,887.5,851,857.5,850,920,850,800,820,936.5,937,850,863
"Huntington Beach","CA","Los Angeles-Long Beach-Anaheim","Orange",96,,,,,,,,,,,,,,,,,,1430,1500,1500,1450,1400,1476,1437,1435,1385,1378,1412.5,1447.5,1444,1405,1445,1389,1374.5,1379,1365,1362.5,1439,1450,1450,1499.5,1432.5,1438,1480,1468,1462,1463.5,1455,1455,1455,1475,1595,1595,1600,1595,1650,1650,1652,1668.5,1652,1663,1664.5,1600,1680,1660,1665,1792.5,1750,1740,1726,1717,1735,1740,1755,1815,1750,1797.5,1683.5,1808,1871,1850,1800,1895
"Worcester","MA","Worcester","Worcester",97,,,,,,,,,,,,,,,,,,900,875,875,895,895,850,825,825,899,867,850,879,925,985,992,950,935,935,900,935,925,935,950,935,925,935,897.5,900,875,950,950,937.5,900,900,935,950,950,995,1000,975,985,925,882.5,975,950,995,975,985,1025,950,900,950,950,925,950,985,1000,997.5,1037.5,975,1075,967.5,1050,1085,975,975
"Little Rock","AR","Little Rock","Pulaski",98,,,,,,,,,,,,,,,,,,,,,,,,,,,,,,,,,,,,,,,,,,,,,,,,,,,,,,,785,645,652,654,765,749,697.5,700,675,686.5,695,678,697.5,725,737.5,750,750,750,700,669.5,695,695,725,672,720,669,692.5,755,645
"Providence","RI","Providence","Providence",99,,,,,,,,,,,,,,,,,,,,,,,,,,,,,,,,,,,,,,,,,,,,,,1300,1430,1300,1300,1250,1200,1200,1295,1250,1250,1299,1295,1349.5,1375,1350,1350,1250,1240,1295,1225,1295,1300,1262.5,1150,1200,1200,1250,1295,1335,1350,1450,1300,1357.5,1250,1475,1475,1475,1450
"Fort Collins","CO","Fort Collins","Larimer",100,,,,,,,,,,,,,,,,,,,,,,,,,,,,,,,,,,,,,,,,,,,,,,,,,,,,,,,,,,,,,,,,,,950,1070,1097.5,1110,1201,1151,1151,1173,1189.5,1150,1168,1101,995,1060,1089,1080,1111,1075
"Yonkers","NY","New York","Westchester",101,,,,,,,,,,,,,1225,1200,1295,1250,1225,1225,1200,1200,1200,1200,1200,1200,1150,1162.5,1200,1200,1200,1200,1150,1225,1200,1200,1200,1200,1200,1200,1200,1200,1200,1200,1200,1275,1262.5,1250,1280,1275,1280,1250,1250,1280,1275,1300,1300,1300,1299,1337.5,1350,1350,1350,1350,1385,1450,1400,1400,1400,1395,1350,1375,1400,1450,1425,1400,1400,1395,1362.5,1450,1397.5,1375,1400,1400,1400
"Fort Lauderdale","FL","Miami-Fort Lauderdale","Broward",102,,,,,,,,,,,,,1200,1200,1200,1200,1200,1195,1100,1100,1100,1200,1200,1100,1100,1200,1160,1100,1135,1150,1195,1150,1175,1200,1175,1150,1200,1200,1300,1275,1200,1200,1150,1150,1150,1100,1135,1125,1100,1100,1100,1150,1200,1200,1150,1200,1293,1250,1250,1300,1400,1400,1397,1387.5,1400,1350,1375,1399.5,1400,1500,1450,1450,1400,1500,1400,1450,1307.5,1395,1350,1450,1275,1350,1297.5
"Columbus","GA","Columbus","Muscogee",103,,,,,,,,,,,,,,,,,,,,,,,,,,,,,,,,,,,,,,,,,,,,,,,,,,,,,,,,,,,,625,567.5,658,706,713,722,695,715,675,710,714,722,750,710,731,731,731,725,728,718.5,685,585,512.5,525
"Grand Prairie","TX","Dallas-Fort Worth","Dallas",104,,,,,,,,,,,,,,,,,,,,,,,,,,,,,,,,,,,,,,,,,,,,,,,,,,,,,,,,,,,,,,,,,,,,,,864,951,975,985,995,1005,1015,1037.5,1030,1010,996.5,956,933,955
"Rancho Cucamonga","CA","Riverside","San Bernardino",105,,,,,,,,,,,,,,,,,,,,,987.5,1025,1165,1207,1176,1211,1206,1221,1212,1240,1244,1200,1274,1224.5,1225,1229,1203,1244.5,1236,1200,1200,1200,1200,1277.5,1279,1281.5,1330,1315,1284,1332,1319,1318.5,1269.5,1285,1299,1317,1328.5,1339,1328,1324,1339,1333,1339.5,1350,1345,1370,1376.5,1378.5,1381.5,1425,1449,1461,1410,1549,1481.5,1491.5,1562,1525,1575,1450,1485,1443.5,1463
"Overland Park","KS","Kansas City","Johnson",106,,,,,,,,,,,,,,,,,,,,,,,,,,,,,,,,,,,,,,,,,,,,,,,,,,,,,,,,,,,,,817.5,820,825,877.5,887.5,847,953.5,1027,918.5,870,869,871.5,871,856,858,855,890,858,893,904,899,905,857.5
"Newport News","VA","Virginia Beach","Newport News City",107,,,,,,,,,,,,,,,,,,,,,,,,,,,,,,,,,,,,,,,,,,,,,,,,,,,,,,,,,,,,799,805,839.5,826.5,826.5,827.5,830,792.5,799.5,759,745,799,808,815,849,849,849,795,851.5,799.5,785,848,790,850
"Sioux Falls","SD","Sioux Falls","Minnehaha",108,,,,,,,,,,,,,,,,,,,,,,,,,,,,,,,,,,,,,,,,,,,,,,,,,,,,,,,,,605,622.5,630,690,692.5,704.5,717.5,709.5,680,675,695,730,720,795,740,755,825,825,730,740,715,745,714,760,710,710,735
"Vancouver","WA","Portland","Clark",109,,,,,,,,,,,,,,,,,,,,,,,,,,,,,,,,,,,,,,,,,,,,,,,,,,,,,,,,,,,,,,,,,,974,995,1000,1030,1000,1038.5,1037.5,1010,1056,1061.5,1086.5,1090,1052.5,1032.5,1060,1025,1035,1095
"El Cajon","CA","San Diego","San Diego",110,,,,,,,,,,,,,,,,,,,,,,,,,,,,,,,,,,,,,,,,,,,,,,,,,,,,,,,,,,927.5,930,930,982.5,1012.5,1010,1037.5,1017.5,1062.5,1025,1000,1030,1085,1160,1100,1147.5,1147.5,1100,1150,1147.5,1112.5,1137.5,1218,1295,1150,1195
"Pembroke Pines","FL","Miami-Fort Lauderdale","Broward",111,,,,,,,,,,,,900,900,912.5,900,895,900,950,950,950,925,950,972.5,900,900,1050,1050,1025,1025,1035,1050,1050,1095,1090,1075,1075,1100,1100,1100,1075,1050,1042.5,1037.5,1050,1050,1050,1075,1077.5,1077.5,1081,1100,1085,1100,1100,1100,1100,1100,1100,1115,1100,1100,1150,1175,1100,1150,1220,1250,1227.5,1225,1236.5,1250,1200,1200,1200,1260,1287,1248,1275,1285,1303,1280,1250,1230
"Naperville","IL","Chicago","Du Page",112,,,,,,,,,,,,,,,,,,,,,,,,,,,,,,,,,,,,,,,,,,,,,,,,,,,,,,,1150,1122,1082,1129,1125,1107.5,1079,1089.5,1079,1079,1195,1259.5,1225,1225,1200,1245,1222,1232,1250,1228,1200,1201,1200,1173,1200,1200,1199.5,1206,1207.5
"Fairfax","VA","Washington","Fairfax",113,,,,,,,,,,,,,,,,,,,,,,1655,1450,1662.5,1589,1525,1558,1546,1562.5,1569.5,1512,1505,1555,1517.5,1584,1584,1555,1530,1554,1634,1745,1535,1585,1672.5,1484.5,1475,1479,1525,1495,1482,1489,1499.5,1521,1552.5,1548,1537,1502.5,1497,1498.5,1490,1497,1500,1529,1529,1555,1560,1560,1552.5,1540,1519.5,1516.5,1550,1585,1599,1555,1560,1595,1575,1549,1570,1548.5,1538,1511
"Santa Clarita","CA","Los Angeles-Long Beach-Anaheim","Los Angeles",114,,,,,,,,,,,,,,,,,,,,,,,,,1149.5,1345,1325,1340,1350,1320,1385,1445,1405,1395,1410,1375,1440,1440,1450,1435,1460,1330,1342.5,1435,1405,1420,1395,1395,1417.5,1423,1430,1452.5,1405,1440,1480,1500,1505,1485,1505,1525,1499,1485,1530,1532.5,1535,1530,1535,1550,1565,1570,1550,1589,1600,1694.5,1665,1620,1605,1657.5,1704,1699,1595,1687,1570
"Boynton Beach","FL","Miami-Fort Lauderdale","Palm Beach",115,,,,,,,,,,,,,799,850,847.5,922,850,858,866,850,837,850,900,950,925,950,920,900,917.5,920,900,920,957,955,973,970,992,970,950,1000,1007.5,1090,1099.5,1117,1100,1169,1150,1100,1150,1143,1099.5,1050,1000,1150,1150,1147.5,1100,1125,1090,1125,1150,1160,1150,1185,1185,1175,1164.5,1200,1250,1250,1240,1250,1275,1272,1272,1253.5,1229,1252,1247,1271,1211.5,1271,1254.5
"Lakewood","CO","Denver","Jefferson",116,,,,,,,,,,,,,,,,,,,,705,689,694.5,699.5,660,755,790,815,875,875,980,999,980,865,855,872,852,901,955,945,888,890,897,896,870,886,924.5,982,1049,1035,1077.5,1117,1089,1117,1110,1120,1179,1160,1152.5,1183,1184,1188,1199,1190,1199,1279,1277,1302,1279,1212.5,1360,1370,1390,1369,1370,1360,1266,1450,1270,1205,1330,1208,1215,1219
"Alexandria","VA","Washington","Alexandria City",117,,,,,,,,1445,1412.5,1425,1379,1412.5,1403.5,1450,1462.5,1475,1492.5,1500,1597.5,1600,1625,1430,1390,1331.5,1450,1545,1505,1530,1555,1592.5,1575,1495,1475,1475,1465,1480,1480,1503,1520,1577.5,1645,1635,1675,1650,1650,1627,1622.5,1625,1595,1595,1625,1625,1605.5,1650,1650,1650,1625,1600,1600,1630,1650,1695,1700,1699.5,1700,1668.5,1684,1700,1650,1664,1600,1576,1647.5,1658.5,1628,1615,1625,1650,1684,1642,1605,1525,1615
"Sunnyvale","CA","San Jose","Santa Clara",118,,,,,,,,,,,,,,,,,,,,,,,,1550,1680,1693,1602.5,1630,1801.5,1809.5,1895,1842,1830,1765,1765,1765,1765,1789,1800,1962,1915,1997.5,1995,1863,1895,1939,1993.5,2044,2040,1997.5,2152,2160,2189,2309,2360,2273,2266.5,2230,2355,2400,2421,2475,2350,2430,2451,2502,2543,2512,2426,2473,2495,2580,2601.5,2610,2603,2557,2650,2711,2430.5,2514,2360,2310,2512
"Charleston","SC","Charleston","Charleston",119,,,,,,,,,,,,,,,,,,,,,,,,,,,,,,,,,,,,,,,,,,,,,,,,,,,,,1350,1250,1300,1200,1183.5,1162,1200,1187.5,1200,1280,1392,1335,1202,1250,1202,1357.5,1365,1261.5,1319,1312,1300,1365,1309,1345.5,1317,1356,1330,1254,1283,1300,1295
"Bridgeport","CT","Stamford","Fairfield",120,,,,,,,,,,,,,,,,,,,,,900,900,885,900,900,925,987.5,900,900,987.5,1000,1000,950,962.5,887.5,900,950,950,950,950,962.5,975,950,950,975,950,1050,950,925,900,925,975,1000,1000,900,900,887.5,950,950,950,950,885,875,950,1000,995,975,997.5,1050,1100,1100,1037.5,1050,1075,1150,1095,1075,1000,1050,1050,1000,1000,985
"Eugene","OR","Eugene","Lane",121,,,,,,,,,,,,,,,,,595,580,615,625,570,585,600,595,595,615,595,595,600,600,595,575,595,595,595,600,625,625,625,600,600,625,625,625,625,625,625,625,625,635,645,650,645,650,695,625,650,650,650,625,625,645,650,650,695,700,705,720,750,795,740,750,765,750,795,795,725,750,725,795,850,895,824
"Round Rock","TX","Austin","Williamson",122,,,,,,,,,,,,,,,,,,,774,757,775,795,795,775,765,765,765,745,749,765,810,820,810,808,805,815,795,809,805,810,820,812,820,848,832,832,848,856.5,856,865,865,858,880,862.5,862.5,882,891.5,880,880,870,860,860,860,865,882,884,884,890.5,904,973,995,940,921.5,930,925,914,891,922,894,957.5,867.5,892,906
"Hampton","VA","Virginia Beach","Hampton City",123,,,,,,,,,,,,,,,,,,,,,795,807,747,782.5,846,846,780,755,795,775,801.5,777,790,735,735,758,730,775,782,785,765,700,700,695,685,675,685,695,695,700,725,700,700,700,745,750,749,749,750,775,765,775,775,770,755,775,752.5,750,750,825,802,815,799,814,827.5,830,805,815,825,805,825,799.5,799
"Pasadena","CA","Los Angeles-Long Beach-Anaheim","Los Angeles",124,,,,,,,,,,,,,,,,,,,,,,,,,,,,,,,,,,,,,,,,,,,,,,,,,,,,,1919,2000,1995,1971,1919,1957.5,1955,1865,1996,1974,1940,1965,2003,1957.5,2005,1985,1979,1924.5,1967,2005,2021,2060,2031,1988,2022,2127,1969.5,1972.5,1939.5,2060,2032
"Torrance","CA","Los Angeles-Long Beach-Anaheim","Los Angeles",125,,,,,,,,,,,,,,,,,,,,,,1225,1195,1195,1197.5,1150,1175,1200,1137.5,1195,1237.5,1285,1337.5,1312.5,1200,1250,1250,1275,1300,1325,1330,1295,1284.5,1275,1275,1250,1285,1295,1275,1295,1295,1295,1295,1312.5,1295,1247.5,1250,1250,1295,1337.5,1325,1312.5,1300,1300,1295,1300,1337.5,1395,1397.5,1450,1450,1455,1450,1450,1537.5,1475,1562.5,1475,1450,1450,1495,1495,1485
"Columbia","SC","Columbia","Richland",126,,,,,,,,,,,,,,,,,,,,,,,,,,,,,,,,,,,,,,,,,,,,,,,,750,745,695,750,701.5,775,850,862.5,787.5,744,742.5,736.5,720,740,775,731.5,687.5,765,780,725,735,777.5,772.5,750.5,775,705,745,750,750,705,750,730,735,747.5,699,792.5
"Tyler","TX","Tyler","Smith",127,,,,,,,,,,,,,,,,,,,,,,,,,,,,,,,,,,,,,,,,,,,,,,,,,,,,,816,757,700,718.5,720,752,773,782,794,799,745,779.5,789,762,732,725,743,727,708,725,712.5,739,763,746.5,762.5,739,753,776,727,739,737
"McKinney","TX","Dallas-Fort Worth","Collin",128,,,,,,,,,,,,,,,,,,,,,,,,,,,,,,,,,,,,,,,,,,,,,,,,858,850,850,869,827.5,880,900,893,866,881,902.5,914,873,871,875,900,919.5,964,938,930,949,952.5,934,929,933,945,934.5,918,970,951,1033,1020,1000,905,1003,1002
"Renton","WA","Seattle","King",129,,,,,,,,,,,,,,,,,,,,,,,,,,,,,,,,,,,,,,,,1125,1150,1046,995,932,895,965,1027,1114.5,999,1084.5,1160,1197.5,1245,1200,1185,1100,1095,1196,1219.5,1188.5,1188.5,1280,1195,1330.5,1295,1290,1295,1323,1287,1225,1284.5,1270,1256,1296,1305,1314,1440.5,1320,1332.5,1340,1395,1289,1234.5
"New Haven","CT","New Haven","New Haven",130,,,,,,,,,,,,,,,,,,1262.5,1325,1290,1225,1225,1262.5,1300,1212.5,1225,1200,1250,1250,1290,1250,1200,1150,1100,1100,1027.5,1050,1150,1200,1250,1245,1225,1187.5,1150,1197.5,1195,1185,1150,1112.5,1162.5,1150,1200,1150,1195,1100,995,950,1075,997.5,1037.5,1050,1200,1250,1200,1200,1150,1162.5,1100,1025,1150,1095,1050,1100,1275,1275,1250,1100,1250,1250,1100,1162.5,1099,1100
"Bloomington","IN","Bloomington","Monroe",131,,,,,,,,,,,,,,,,,,,,,,,,,790,825,870,957.5,950,837.5,879,867,840,827,818.5,800,800,821.5,843,821,775,735,620,620,665,750,750,750,665,665,717.5,750,767.5,800,800,800,750,675,675,680,740,740,780,675,675,670,665,705,767.5,675,702.5,680,675,670,680,745,715,722.5,797,725,772,775,715
"Miramar","FL","Miami-Fort Lauderdale","Broward",132,,,,,,,,,,,,,1050,1050,1100,1000,1050,1100,1150,1100,1100,1085,1100,1100,1075,1100,1100,1100,1100,1100,1100,1142.5,1100,1105,1142.5,1105,1175,1155,1175,1200,1195,1175,1200,1175,1177.5,1180,1189.5,1205,1200,1200,1200,1200,1200,1200,1200,1200,1200,1275,1250,1250,1275,1250,1300,1327.5,1305,1350,1350,1275,1300,1310,1350,1350,1328.5,1330,1314,1300,1355,1360,1309.5,1350,1295.5,1300,1300
"Coral Springs","FL","Miami-Fort Lauderdale","Broward",133,,,,,,,,,,,,,850,895,895,850,850,875,890,875,875,882,890.5,900,900,950,910,950,975,964,930,960,935,930,945,950,975,964,960,975,975,950,950,950,950,950,937.5,925,950,950,950,990,950,975,975,975,975,950,975,1000,1000,1040,1077.5,1097.5,1052.5,1067.5,1065,1100,1052.5,1050,1050,1100,1100,1100,1100,1100,1145,1150,1145,1132.5,1150,1150,1135
"Stamford","CT","Stamford","Fairfield",134,,,,,,,,,1609,1600,1611.5,1560.5,1765,1767.5,1820,1904,1870,1800,1700,1592.5,1600,1500,1500,1600,1700,1715,1745,1650,1675,1675,1700,1650,1767,1745,1727.5,1834.5,1822,1849,1854,1867,1847,1870,1839.5,1750,1650,1612.5,1600,1600,1615,1600,1700,1790,1750,1797.5,1895,1765,1762.5,1750,1797.5,1772.5,1840,1852.5,1887.5,1920,1875,1900,1895,1920,1850,1900,1865,1852.5,1847.5,1800,1875,1950,1865,1895,1895,1850,1890,1815,1860
"Savannah","GA","Savannah","Chatham",135,,,,,,,,,,,,,,,,,,,,,,,,,,,,,,,,,,,,,,,,,,,,,,,,,,,,,,,,,,,,,,,,,995,900,955,950,902,840,840,840,900,922,909,907.5,931.5,904.5,923,938,875,971.5,1050
"Frisco","TX","Dallas-Fort Worth","Collin",136,,,,,,,,,,,,,,,,,,,790,761.5,769,836.5,840,827,880,890,870,825,890,875,860,899.5,929,900.5,858,895,907.5,912.5,902,900,905.5,918,916.5,929,895,987,959,960,939.5,934,970,896.5,985,1065,879,885,889,1024.5,1057,1048,900,890,949.5,985,1042,1050,1069,1069.5,1060,1025,1025,1050,1065,1074.5,1084,1136,1116,1129,1147,1145,1176.5,1089,1199
"Billings","MT","Billings","Yellowstone",137,,,,,,,,,,,,,,,,,,,,,,,,,,,,,,,,,,,,,,,,,,,,,,,,,,595,595,550,575,545,575,575,575,575,595,550,557.5,612.5,625,590,585,585,575,550,565,585,565,575,595,585,612.5,592.5,585,550,610,625,550,575,595
"Allentown","PA","Allentown","Lehigh",138,,,,,,,,,,,,,,,,,,,,,,,684,700,825,790,712.5,835,740,725,755,725,734.5,700,695,675,665,680,700,725,700,680,650,690,650,650,675,695,690,682.5,675,695,675,650,700,687.5,700,715,735,740,750,750,729,762.5,750,780,729,725,750,785,875,842.5,772,790,797.5,825,795,795,795,910,810,877.5,750
"Santa Clara","CA","San Jose","Santa Clara",139,,,,,,,,,,,,,,,,,,,,,,,,,,,,,,1785.5,1750,1700,1712,1698.5,1725,1695,1722,1826.5,1814.5,1931,1850,1973,1973,1836,1891,1776,1831,1895,1825,1795,1866,1920,2183,2233.5,2192.5,2197,2122.5,2107.5,2103.5,2165,2195,2342,2326.5,2310,2314,2355.5,2395,2353,2300,2216,2239,2319.5,2295,2375,2395,2337,2350,2420,2398,2398,2195,2250,2459
"Cary","NC","Raleigh","Wake",140,,,,,,,,,,,,,,,,,,,,,,,,657.5,690,769,764.5,743.5,736,730,750,765,775,785,818.5,790,788,799,805,830,817.5,849,862,959,959,850,841,849,849,865,852,849,860,849.5,839,786,778,817.5,819,829,819,845,849.5,869,907,869,869,872,950,884,899,899,909,905,927.5,947,939,967,949,1035,932,905,910
"Conroe","TX","Houston","Montgomery",141,,,,,,,,,,,,,,,,,,,,,,,,,,,,,,,,,,,,,,,,,,,,,,,,,,,,,,,,,,,,,,,,,,,922,956,889,889,913,915,933.5,939,915,907,995,999,897.5,985,950,825,873
"Falls Church","VA","Washington","Fairfax",142,,,,,,,,,,,,,,,,,,,,,,,1390,1470,1475,1454.5,1495,1475,1425,1450,1450,1495,1430,1425,1425,1414,1399,1425,1445,1445,1459,1424.5,1400,1400,1395,1380,1395,1395,1400,1400,1397.5,1400,1400,1400,1440,1418,1415,1400,1407.5,1499,1517,1519,1500,1450,1503.5,1501,1500,1500,1521,1550,1550,1550,1552,1500,1544.5,1595,1550,1625,1585.5,1600,1550,1550,1595
"Denton","TX","Dallas-Fort Worth","Denton",143,,,,,,,,,,,,,,,,,,,610,615,619,620,619,625,650,680,645,655,697,655,629,673.5,681,665,642.5,669,650,669,674,743,743,743,743,743,743,743,743,743,719,729,729,743,743,743,741,743,755,795,764.5,800,794,770,750,743,743,743,750,743,743,743.5,746.5,766,750,758,750,769.5,818.5,785,745,797,770,750,815
"Frederick","MD","Washington","Frederick",144,,,,,,,,,,,,,,,,,,,,,,,,,,,,,,,,,,,,,,,,,,,,,,,,,,,,,,1255,1288,1279,1222.5,1204,1215,1225.5,1225.5,1197.5,1217,1280,1255,1282,1199,1195,1241,1237,1224,1200,1195,1242,1099,1127.5,1085,1112.5,1115,999,1137.5,1208,1049
"Westminster","CO","Denver","Adams",145,,,,,,,,,,,,,,,,,,,,,,,,,,,,,,,,,,,,,,,,,,,,,,,,,,,,,,,,,,,,,,,,,,,,,1141.5,1136,1130,1185,1155,1161.5,1135.5,1166,1136,1196,1191,1195,1161,1136,1081
"Costa Mesa","CA","Los Angeles-Long Beach-Anaheim","Orange",146,,,,,,,,,,,,,,,,,,,,,,1407,1374,1399,1432.5,1435,1432.5,1435.5,1455,1465,1465,1460,1407.5,1475,1399,1437,1450,1497.5,1464,1430.5,1437,1440,1400,1381.5,1401,1411.5,1450,1450,1445,1450,1540.5,1526,1472,1490,1550,1604,1811,1817,1820,1785,1780,1715,1700,1707.5,1705,1728,1740,1740,1723,1788,1783.5,1739,1842.5,1800,1819.5,1802.5,1820,1809,1765,1789.5,1680,1680,1738
"Manchester","NH","Manchester","Hillsborough",147,,,,,,,,,,,,779,829,827,795,797,829,764.5,809,825,809,809,804,799,804,822,829,819,769,769,769,825,849.5,859,819,825,795,800,825,825,779,800,850,849.5,847.5,819,825,850,855,849,850,849,847,845,864.5,849.5,852.5,865,870,849,845,835,899.5,874,889.5,900,879,877,862.5,850,825,849,850,939,959,950,939,959,900,1042.5,989,959.5,895
"Cambridge","MA","Boston","Middlesex",148,,,,,,,,,,,,,,,,,,,,2200,2200,2300,2300,2386.5,2400,2300,2140,2120,2165,2200,2275,2300,2500,2450,2400,2350,2400,2395,2350,2240,2250,2300,2345,2350,2379,2355,2350,2350,2300,2250,2250,2241,2290,2300,2300,2300,2335,2360,2300,2300,2310,2240,2295,2300,2300,2300,2310,2396.5,2350,2300,2295,2250,2250,2300,2300,2312.5,2310,2325,2325,2395,2400,2305,2350
"Everett","WA","Seattle","Snohomish",149,,,,,,,,,,,,,,,,,,,,,725,725,735,750,817.5,922.5,880,830,790,820,857.5,852.5,860,885,885,875,900,900,905,860,845,855,845,825,850,822.5,875,930,950,940,925,965,935,899.5,882.5,895,937.5,940,905,899.5,945,950,945,962.5,947.5,950,985,995,1025,1046,1025,1035,1035,1050,1001.5,1040,1090,1065,1066,1055,1060,1065,1065
"Clearwater","FL","Tampa","Pinellas",150,,,,,,,,800,800,700,700,733.5,712.5,700,704,799,766.5,699.5,737.5,750,795,780,759.5,750,779,800,850,831,815,795,761.5,759,734.5,749,759,756,746.5,779,789,765,759,750,750,725,750,724,845,850,800,833,850,875,850,850,850,888,850,855,855,850,850,935,980,967.5,899,899,899,918,837.5,914,1007,996,950,951,914,950,1049,894.5,1000,950,876.5,940,850
"Wilmington","NC","Wilmington","New Hanover",151,,,,,,,,,,,,,,,,,,,,,585,550,629,629,650,629,634,670,639.5,629,650,689,719.5,676,630,664,673,713,723,703.5,700,750,650,750,695,695,750,699,750,749,749,749,707.5,700,697,715,749,745,749,695,750,777,770,759.5,730,739,750,768,775,764,780,800,848.5,850,848.5,809,825,839.5,847,880.5,848,950,824
"Pompano Beach","FL","Miami-Fort Lauderdale","Broward",152,,,,,,,,,,,,825,850,850,895,875,855,850,885,895,895,875,875,900,875,925,900,900,900,895,899.5,900,900,900,900,900,900,900,912.5,950,925,900,900,925,950,950,950,950,932.5,950,950,950,950,950,950,950,950,950,950,1000,950,1037.5,1100,1150,1050,975,1000,1000,999,1000,1000,1000,1000,1100,1100,1100,1075,1200,1200,1277.5,1150,1182.5,1100
"Lewisville","TX","Dallas-Fort Worth","Denton",153,,,,,,,,,,,,,,,,,,,669,669,682.5,692,699,701,716,734,699,731.5,730,700,680,687,686,700,718.5,740,710,746,755,774,753,773.5,769,825,825,825,820,795,780,790,812.5,835,836.5,780,839,839,812,810.5,779.5,819.5,789,760,780.5,826,870,883,877,885,875,920,985.5,927,894,891,905,939,975,970,966.5,997.5,960,1052.5,1005
"Beaverton","OR","Portland","Washington",154,,,,,,,,,,,,,,,,,,,,,,,,,,,,,,,,,,,,,,,,,,,,,885,872,850,850,850,866,860,862,870,885,929.5,915,931,938.5,964.5,964.5,950,955,955,1020,1050.5,1102.5,1145,1145,1125,1255,1280,1215,1205,1179.5,1160,1152,1180,1149,1197.5,1095,1095,1185,1097.5
"West Palm Beach","FL","Miami-Fort Lauderdale","Palm Beach",155,,,,,,,,,,,,,,,,,,,,,,,,,,,,,,,,,,,,,,,,,,,,,,,,1010,975,950,950,950,950,1000,1025,1097.5,1025,1050,1050,1000,1000,1000,1087.5,1153.5,1200,1190,1225,1233,1246,1200,1200,1246,1280,1295,1300,1300,1350,1350,1300,1170,1325,1250,1165
"Norcross","GA","Atlanta","Gwinnett",156,,,,,,,,,,,,,,,,,,,,,,,,,,,,,,,,,,,,,,,,,,,,,,,,,,,,,,,,,,,,,,,,,,,,,,732.5,683,700,750,767,776,781.5,759,735,730,750,770,762.5,750
"San Mateo","CA","San Francisco","San Mateo",157,,,,,,,,,,,,,,,,,,,,,,,,,,,,,,,,2094.5,2066.5,1880,1975,1954,1933,1951,1960,1963,2132,2200,2100,2100,2177,2090,2139,2117,1974.5,1993.5,2092,2335,2400,2395,2365,2294,2286,2458,2395.5,2383,2396,2426,2411,2550,2560,2544.5,2698,2675,2650,2431.5,2491.5,2622,2650,2609,2658,2498,2527,2549,2366,2503,2496,2525,2538
"Sandy Springs","GA","Atlanta","Fulton",158,,,,,,,,,,,,,,,,,,,855,875,795,799,889,800,797,758,765,780,793.5,800,752.5,748.5,743,743,750,765,752.5,759,755,795,799,801,795,781.5,877,850.5,864,965,952,1009,1050,986,1088,1000,1025,955,1000,1030,1034.5,1060,1071,1082,1031,1001,1032.5,1019,1032,1032,1050,1138,1197.5,1164,1091,1116.5,1105,999,979,999,958,999,1019,1075,1029
"Albany","NY","Albany","Albany",159,,,,,,,,,,,,,,,,,,,,,,,,,,,,,,,,,,,,,,,,,,,,,,,,,,,,,,,,,,,,,,,,,,,,,,,,1075,950,980,990,862.5,925,885,835,897.5,950,897.5,850
"Richardson","TX","Dallas-Fort Worth","Dallas",160,,,,,,,,,,,,,,,,,,,,,,,,,,,,,,,,,,,,,,,,,,,,,,,,,,,,,,,,,,,,,1024.5,1059,1082.5,1080,1110,1070,1085,1085,1192,1179,1159.5,1175,1212.5,1185,1220,1124.5,1176,1253,1189.5,1207,1206.5,1315,1167.5
"Laurel","MD","Washington","Prince Georges",161,,,,,,,,,,,,,,,,,,,,,,,,,,,,,,,,,,,,,,,,,,,,,,1195,1173.5,1223.5,1200,1200,1263,1408.5,1312,1301,1250,1285,1335,1314,1257,1225,1190,1190.5,1200,1235,1232.5,1240,1225,1232.5,1224,1239,1255,1249,1262,1268,1270,1273,1200,1248,1225,1294,1255,1244.5,1245
"West Chester","PA","Philadelphia","Chester",162,,,,,,,,,,,,,,,,,,,,,,,,,,,,,,,,,,,,,,,,,,,,,,,,,,,,,,,,,1299.5,1300,1400,1403.5,1382,1274,1349,1372,1400,1390,1300,1284,1217.5,1292.5,1187,1250,1259,1345,1366,1307.5,1325,1360,1322.5,1352.5,1380,1295,1299
"Columbia","MD","Baltimore","Howard",163,,,,,,,,,,,,,,,,,,,,,1200,1325,1400,1325,1296.5,1292,1276,1281,1271,1268,1290,1340,1285.5,1279,1253,1249,1277,1268.5,1288,1290,1243,1218,1254,1259.5,1248.5,1295,1297.5,1269,1257.5,1315,1360,1325,1345,1280,1280,1274,1269,1260,1257.5,1257.5,1347.5,1370,1420.5,1403,1350,1344,1380,1375,1360,1395,1360,1390,1389.5,1372.5,1350,1360,1432.5,1340,1312.5,1350,1315,1350,1370
"Newton","MA","Boston","Middlesex",164,,,,,,,,,,,,,,,,,,,,,,,,,,,,,,1500,1500,1600,1700,1600,1550,1485,1550,1575,1550,1575,1650,1672.5,1650,1700,1700,1650,1650,1620,1650,1620,1650,1675,1690,1700,1700,1700,1700,1682.5,1675,1675,1665,1650,1662.5,1700,1700,1775,1900,1750,1850,1750,1700,1750,1750,1700,1750,1725,1750,1750,1765,1750,1700,1690,1745
"Brockton","MA","Boston","Plymouth",165,,,,,,,,,,,,,,,,,,,,,,,,,900,899,900,900,950,937.5,950,950,962.5,950,950,950,950,950,975,975,975,975,975,975,997.5,992.5,1000,992.5,1000,1012.5,1050,1000,1025,1025,1025,1025,1025,1025,1000,1025,1037.5,1007.5,1025,1012.5,1000,1050,1025,1000,1000,1000,1025,1025,1025,1012.5,1000,1012.5,1000,1000,1025,1025,1050,1037.5,1050
"Mission Viejo","CA","Los Angeles-Long Beach-Anaheim","Orange",166,,,,,,,,,,,,,,,,,,,,,,,,,,1315,1325,1290,1360,1317.5,1337.5,1325,1430,1397.5,1380,1377.5,1417.5,1417.5,1405,1500,1389,1444,1380,1500,1560,1427.5,1430,1515,1510,1402.5,1459,1457,1469.5,1500,1545,1555,1589,1560,1569.5,1565,1635,1640,1599.5,1672.5,1709.5,1672.5,1670,1660,1714,1719.5,1695,1726.5,1755,1795,1769,1758,1839,1745.5,1789.5,1843,1749,1760,1792.5
"Highlands Ranch","CO","Denver","Douglas",167,,,,,,,,,,,,,,,,,,,,,,,,,,,,,,,,,,,,,,,,,,,,,,,,,,,,,,,,,,,,1288.5,1292.5,1206,1336,1326,1386,1430,1365,1362,1361,1350,1395.5,1368,1355,1360,1355,1357,1387,1324,1330,1354,1350,1375,1368.5
"Hillsboro","OR","Portland","Washington",168,,,,,,,,,,,,,,,,,,,,,,,,,,,,,,,,,,,,,,,,,,,,,,965,965,975,1030,1010,1040,1030,1065,1052.5,1020,1047,1055,1065,1020,1020,1092,1145,1125,1201,1327,1281.5,1285,1295,1289,1362,1399,1398.5,1409,1412.5,1406,1405,1429,1445,1330,1334,1300,1290,1250
"Santa Monica","CA","Los Angeles-Long Beach-Anaheim","Los Angeles",169,,,,,,,,,,,,,,,,,2200,2070,2197.5,2192.5,2400,2347.5,1997,2145,2150,2150,2320,2224,2375,2450,2519.5,2375,2200,2180,2216.5,2312.5,2200,2204,2307,2400,2362.5,2590,2475,2475,2445,2195,2400,2425,2362.5,2315,2325,2595,2552.5,2575,2540,2600,2639.5,2497.5,2517.5,2595,2650,2650,2595,2661.5,2800,3000,2962.5,3000,3090,2800,2750,2950,3200,3200,2945,2950,3060,2765,2916,3000,2895,3045,2977
"Plantation","FL","Miami-Fort Lauderdale","Broward",170,,,,,,,,,,,,,950,950,935,900,945,950,950,990,960,960,950,986.5,1014,1021,1000,1000,1035.5,1047,1102,1077,1050,1070,1077.5,1100,1110,1075,1050,1058,1049.5,1099,1087.5,1000,1025,1050,1070,1100,1100,1125,1150,1150,1190,1150,1150,1150,1152.5,1155,1176,1172,1200,1200,1200,1251,1250,1250,1250,1250,1249,1265,1297.5,1300,1319,1301,1294,1324,1261,1289,1239,1293.5,1200.5,1200,1247.5
"Miami Beach","FL","Miami-Fort Lauderdale","Miami-Dade",171,1700,1650,1650,1600,1600,1487.5,1500,1600,1650,1700,1800,1562.5,1500,1500,1500,1500,1500,1500,1500,1500,1590,1600,1600,1600,1600,1600,1700,1750,1700,1695,1700,1690,1650,1650,1650,1650,1650,1700,1709,1700,1700,1750,1750,1750,1750,1800,1800,1800,1800,1790,1767,1800,1800,1800,1780,1700,1700,1750,1790,1800,1800,1800,1850,1900,1950,1850,1850,1850,1900,1900,1950,1995,2000,1900,1850.5,1800,1821,1800,1800,1750,1800,1850,1800
"Herndon","VA","Washington","Fairfax",172,,,,,,,,,,,,,,,,,,,,,,1357.5,1472,1623.5,1432.5,1395,1400,1440,1438,1379,1435,1481.5,1497.5,1530,1462.5,1445,1466,1475,1465,1490,1504,1509,1506,1379,1450,1409,1400,1419,1399.5,1399,1399,1395,1411,1454.5,1506,1431,1425,1427.5,1434,1429,1426,1450,1470,1473,1484,1470,1470.5,1462,1450,1449.5,1450,1450,1476,1516,1519,1496,1505,1500,1485,1525,1499,1461,1500
"Boulder","CO","Boulder","Boulder",173,,,,,,,,,,,,,,,,,,,,,,,,,,,,,,,,,,,,,,,,,,,,,,,,,,,,,,,,,,,,1412,1544,1440,1350,1300,1425,1500,1650,1640,1500,1450,1475,1500,1500,1500,1500,1475,1495,1425,1504,1541.5,1475,1595,1400
"Norwalk","CT","Stamford","Fairfield",174,,,,,,,,,,,,1500,1500,1500,1475,1350,1475,1300,1475,1600,1600,1569.5,1500,1487.5,1487.5,1630,1680,1650,1632.5,1575,1535,1495,1560,1686,1700,1804,1800,1680.5,1755,1600,1598,1700,1725,1550,1565,1605,1625,1550,1690,1630,1612.5,1645,1650,1650,1650,1650,1600,1625,1700,1710,1650,1600,1600,1600,1675,1697.5,1720,1685,1677.5,1770,1770,1770,1770,1750,1745,1740,1830,1700,1595,1780,1712.5,1550,1625
"Germantown","MD","Washington","Montgomery",175,,,,,,,,,,,,,,,,,,,,,,,,,,,,,,,,,,,,,,,,,,,,,,,,,,,,,,,,,,,,,,,,,,,,,1359,1379,1437.5,1450,1450,1438.5,1527,1363.5,1250,1231,1317,1205,1245,1229,1100
"Santa Barbara","CA","Santa Maria-Santa Barbara","Santa Barbara",176,,,,,,,,,,,,,,,,,,,,,,,,,,,,,,,,,,,,,,,,,,,,,,,,,,,,,,,,,,,,,,,,,,,,1950,1925,1912.5,1887.5,1862.5,1875,1900,1900,1895,1875,1875,1792.5,1775.5,1823,1850,1950
"Kent","WA","Seattle","King",177,,,,,,,,,,,,,,,,,,,,,,,,,,,,,,,,,,,,,,,,,,,,,,775,775,775,775,775,850,837.5,911,928,940,968,955,961.5,950,939,931,945,967.5,960,964.5,1027,1024,1012,979.5,975,995,1040,1025,1071,1115,1102,1120,1087.5,1095,1102,1060.5,1031,1092
"Redwood City","CA","San Francisco","San Mateo",178,,,,,,,,,,,,,,,,,,,,,,,,,,,,,,,,,,,,,,,,,,,,,,,,,,,,,,,,,,,2783,2875,2799.5,2755,2651,2645.5,2670,2666.5,2737,3092.5,3015,2843,3182,3305,3382.5,3379,3391.5,3333,3480,3180,3117.5,2946.5,2586,2547,2498
"Quincy","MA","Boston","Norfolk",179,,,,,,,,,,,,,1200,1300,1300,1252,1300,1297.5,1395,1404,1400,1491,1409,1355,1399,1450,1458,1458,1500,1475,1597.5,1640,1698,1710.5,1545,1501.5,1495,1535,1535,1502.5,1465,1483,1500,1500,1450,1500,1476,1450,1458,1450,1510,1538,1550,1571,1585,1550,1550,1550,1503,1527.5,1539,1450,1475,1550,1545,1600,1607.5,1603,1585,1619,1629,1650,1633.5,1667.5,1700,1675,1665,1695,1610,1697.5,1600,1550,1569
"Arden-Arcade","CA","Sacramento","Sacramento",180,,,,,,,,,,,,,,,,,,,,650,650,650,650,650,670,685,675,670,660,675,730,695,699,735,735,675,695,700,689,675,650,669.5,695,675,675,677.5,675,695,695,695,695,677.5,695,675,680,750,690,700,695,680,682.5,695,712.5,750,750,750,695,775,795,820,834,800,775,795,845,825,785,825,855,795,847.5,855,844
"Glen Burnie","MD","Baltimore","Anne Arundel",181,,,,,,,,,,,,,,,,,,,,,,,,,,,,,,,,,,,,,,,,,,,,,,,,,,,,,,,,,,,959,965,1047,992,975,988,1005,1002,999,999,1005,1006,1027,1036,1035,1075,1100,1107.5,1160,1144.5,1100,1045,1068,1100,1075
"Ashburn","VA","Washington","Loudoun",182,,,,,,,,,,,,,,,,,,,,,,,,,,,,,,,1378,1352.5,1331,1352.5,1307,1325,1318,1330,1367,1379,1393,1422,1440,1399.5,1367,1329.5,1322,1325,1329.5,1346,1365,1371,1373,1395,1484.5,1382,1329.5,1315,1346,1346,1339,1339.5,1343.5,1376,1369,1350,1357,1373,1345,1359,1308,1336.5,1350,1444.5,1470,1475,1470,1470,1397,1412,1388,1379.5,1359.5
"Walnut Creek","CA","San Francisco","Contra Costa",183,,,,,,,,,,,,,,,,,,,,,,,,,,,,,,,,,,,,,,,,,,,,,,,,,,,,,,,,2081.5,2080,2073,1875,1875,2000,2037.5,1979.5,1864.5,1800,1950,2100,2212.5,2300,2175,2500,2580,2561.5,2359.5,2419,2245,2100,2247,2013,2107.5,1945,2153,2121
"Town 'n' Country","FL","Tampa","Hillsborough",184,,,,,,,,,,,,,,,,,,,,,,770,722.5,788,808.5,801,788,843,849,850,849,858,860.5,839,834.5,850,847,856.5,837,826.5,812,746.5,785,819,827,860,897.5,873.5,889,889,882,874,859.5,869,869,875,877,854.5,850,875,897.5,901.5,900,927,921,911.5,950,945,954.5,959,978.5,969,969,951.5,984,1019,1019,984,1067,1064,950,987,995
"Mountain View","CA","San Jose","Santa Clara",185,,,,,,,,,,,,,,,,,,,,,1605,1720,1679,1734,1773,1770,1794,1804,1825,1850,1909,1905,1906,1872,1830,1780,1848.5,1968.5,1959,1977,1999,2009,2009,2075,2022,2085,2151,2199.5,2160.5,2060,2195,2292.5,2324.5,2400,2400,2439.5,2384,2395,2367,2428,2556,2550,2680.5,2895,2917,2860,2795,2706,2695,2621,2515,2549.5,2545,2625.5,2505,2645,2537,2645,2499,2406.5,2292.5,2295,2595
"Evanston","IL","Chicago","Cook",186,,,,,,,,,,,,,,,,,,,,,,,,,,,,,,,,,,,,,,,,,,,,,,,,,,,,,,,,,,,,1175,1200,1150,1175,1175,1195,1175,1195,1189,1225,1295,1257.5,1282.5,1295,1275,1235,1235,1250,1225,1225,1225,1183,1215,1183
"Redmond","WA","Seattle","King",187,,,,,,,,,,,,,,,,,,,,,,,,,,1355,1365,1382.5,1357.5,1350,1365,1392,1245,1228,1207,1273.5,1327,1264.5,1345,1345,1434,1410,1399,1385,1400,1410.5,1456,1474.5,1474.5,1458,1455,1512.5,1585,1594.5,1651,1548,1509,1498.5,1481,1515,1531,1545,1570,1566,1587,1668,1669,1647,1660,1623,1612,1626.5,1691.5,1745,1753,1750,1723.5,1610,1691,1650,1637,1634,1650
"Somerville","MA","Boston","Middlesex",188,,,,,,,,,,,,,,,,,,,,,,,,,,,,,,,,,,,,,1895,1850,1775,1600,1600,1650,1700,1700,1725,1675,1650,1650,1700,1700,1775,1700,1750,1900,1800,1800,1800,1850,1750,1700,1700,1800,1850,1850,1862.5,1900,1850,1800,1775,1750,1750,1800,1800,1895,1900,1950,1900,1900,1895,1912.5,1800,1900,1875
"Largo","FL","Tampa","Pinellas",189,,,,,,,,,,,,,,,,,,,,,,,,,,,,,,,,,,,,,,,,,,,,,,,,,,,,,,,,,,,,,,,,,818,795,795,800,830,897,897.5,887.5,855,895,869,906,865,809,805,810,745,742.5,760
"Wilmington","DE","Philadelphia","New Castle",190,,,,,,,,,,,,,,,,,,,,,,,,,,,,,,,,,,,,,,,,,,,,,,,,,,,,,,,,,,,1100,950,1021,985,1097,1132.5,1157,1088,1055,995,962.5,1050,925,1040,975,1031,1041,1196,1113.5,1169,1129,1224,1125,950,1040
"New Rochelle","NY","New York","Westchester",191,,,,,,,,,,,,,,,,,,,,,,,,,1620,1670,1800,1600,1700,1571.5,1623.5,1534.5,1687,1657.5,1715,1735,1770,1750,1700,1710,1695,1500,1450,1450,1425,1400,1399,1350,1375,1395,1395,1399,1400,1450,1450,1399,1399.5,1399,1399,1400,1450,1400,1450,1450,1450,1475,1485,1495,1500,1585,1512.5,1500,1575,1500,1500,1495,1550,1562.5,1550,1575,1547.5,1500,1550
"La Mesa","CA","San Diego","San Diego",192,,,,,,,,,,,,,,,,,,,,,,,,,,,,,,,,,,,,,,,,,,,,,,,,,,,,,,,,,,,1270,1295,1262.5,1306,1275,1285,1458,1315.5,1350,1324.5,1350,1265,1250,1325,1437,1432,1376.5,1438.5,1467,1473,1497,1445,1450,1385,1425
"Lauderhill","FL","Miami-Fort Lauderdale","Broward",193,,,,,,,,,,,,,750,750,750,750,757.5,800,800,800,800,800,800,782.5,800,800,800,762,775,787.5,825,850,850,827.5,830,800,825,830,850,850,825,850,825,850,825,825,800,800,830,842.5,850,850,850,850,825,850,850,875,875,850,850,900,850,887.5,885,895,895,900,900,900,900,925,925,950,882.5,950,1000,950,985,900,900,980,1100
"Kirkland","WA","Seattle","King",194,,,,,,,,,,,,,,,,,,,,,,,,1150,999,988,975,1050,1010,1095,1032,1088,1250,1197.5,1100,1150,1226.5,1275,1332.5,1277.5,1417,1502.5,1449,1450.5,1493,1450,1495,1595,1511,1536,1575,1530,1700,1678,1615,1615,1610,1690,1592.5,1594,1572,1529,1582,1655,1730,1690,1732.5,1677.5,1630,1480,1578,1680,1700,1720,1737,1805,1838,1682,1695.5,1602,1766,1615,1790
"Union City","NJ","New York","Hudson",195,,,,,,,,,,,,,,,,,,1200,1197.5,1195,1195,1275,1275,1200,1250,1250,1225,1195,1150,1195,1100,1150,1100,1100,1095,1100,1150,1150,1150,1250,1175,1100,1100,1150,1150,1150,1195,1150,1150,1150,1195,1250,1200,1225,1250,1195,1200,1250,1195,1250,1295,1295,1250,1250,1295,1295,1295,1295,1300,1300,1295,1275,1297.5,1297.5,1295,1350,1300,1300,1325,1350,1300,1300,1350
"East Orange","NJ","New York","Essex",196,,,,,,,,,,,,,,,,,,,,,,,,,,,,,,,,,,,,,,,918,885,850,875,875,875,925,950,875,875,895,895,895,900,925,895,897.5,925,950,925,925,975,995,995,950,975,975,965,965,975,975,950,975,995,997.5,1000,1100,995,1097.5,995,1050,1085,1025,995,1135
"Mount Vernon","NY","New York","Westchester",197,,,,,,,,,,,,,,,,,1200,1250,1237.5,1225,1250,1200,1200,1200,1200,1200,1200,1200,1225,1212.5,1200,1200,1200,1200,1300,1287.5,1300,1350,1250,1250,1300,1300,1250,1250,1250,1350,1325,1325,1312.5,1300,1300,1325,1325,1350,1350,1297.5,1337.5,1300,1300,1325,1350,1325,1350,1325,1325,1350,1350,1365,1395,1400,1400,1397.5,1350,1350,1350,1312.5,1350,1350,1325,1375,1362.5,1325,1400
"Bethesda","MD","Washington","Montgomery",198,,,,,,,,,,,,,,,,,,,,,1824.5,2045,2045,2240,2255,2252.5,2145,2208,2275,2220,2247.5,2287,2282.5,2283,2295,2181.5,2271.5,2290.5,2250,2282.5,2265,2287.5,2141,2385,2305,2322.5,2095,2140,1841,1841,1925,2140,2305,2242.5,2120,2057,2003.5,1925,1960,1996,2040,2077.5,2199.5,2092.5,2169,2136,2130,2090,2083,2120,2077.5,2011.5,2120,2135,2160,2252.5,2290,1925,2135,2100,2070,2200,2200
"Carmel","IN","Indianapolis","Hamilton",199,,,,,,,,,,,,,,,,,,,,,,,,,,,,,,,,,,,,,,,,,,,,,,,,,,,,,,,,,,,,,,989,907,877,850,842,884,920,879,896,920,925,884,893.5,901,900,872,858,870,875,874,855,874
"Hamden","CT","New Haven","New Haven",200,,,,,,,,,,,,,,,,,,,,,,,,,,,,,,,,,,,,,,,,,,,,,,,,,,,,,,1000,1025,1025,1012.5,1000,999,999.5,999.5,1025,1085,1075,1140,1145,1195,1125,1125,1125,1115,1120,1115,1115,1110,1120,1115,1125,1200,1115,1120,1175,1107.5
"Tamarac","FL","Miami-Fort Lauderdale","Broward",201,,,,,,,,,,,,,800,800,800,800,800,825,800,850,800,800,799,800,825,840,850,850,825,850,850,850,850,850,875,850,850,850,850,845,800,850,850,850,875,875,850,850,850,875,890,900,950,905,900,900,950,900,950,925,925,950,956.5,950,938,950,969,963,969,975,1000,1000,986.5,1000,1000,1000,1050,1000,1000,1050,1000,1072.5,1000
"Reston","VA","Washington","Fairfax",202,,,,,,,,,,,,,,,,,,,,,,,,,,,,,,,,,,,,,,,,,,,,,,,,,,,,,,,,,,,,,,,,,,,,,,,,1724,1650,1818.5,1600,1650,1650,1625,1622.5,1570,1581,1500,1520
"Waltham","MA","Boston","Middlesex",203,,,,,,,,,,,,,,,,,,,,1825,1790,1740,1720,1623.5,1627.5,1752.5,1770,1795,1780,1863,1857.5,1900,1997,1997,1942.5,1954.5,1997,1994,1997,1975,1997,1875,1868,1875,1750,1707.5,1695,1705,1687.5,1650,1650,1750,1775,1795,1775.5,1802.5,1755,1783,1785,1855,1795,1785,1895.5,1893,1805,1820,1880,1850,1800,1910,1885,1790,1793,1785,1760.5,1800,1800,1700,1965,1790,1780,1985,1985
"Malden","MA","Boston","Middlesex",204,,,,,,,,,,,,,,,1267.5,1285,1365,1393,1393,1394.5,1394,1395,1399,1365,1390,1400,1400,1500,1500,1360,1495,1490,1606,1624,1559.5,1606,1560,1395,1395,1395,1395,1394.5,1400,1394,1350,1350,1350,1495,1495,1495,1495,1425,1450,1450,1494,1450,1494,1495,1400,1495,1450,1450,1450,1450,1450,1450,1450,1545,1500,1606,1500,1500,1500,1500,1550,1500,1500,1597.5,1566,1437.5,1500,1450,1500
"Newport Beach","CA","Los Angeles-Long Beach-Anaheim","Orange",205,,,,,,,,,,,,,,,,,,,,,,,,,,,,,,,,,,,,,,,,,,,,,,,,,,,,,,,,,,2130,2165,2110,2110,2095,2050,2055,2185,2100,2110,2230,2300,2350,2330,2280,2290,2260,2245,2292.5,2240,2190,2360,2270,2240,2250,2152.5
"Gaithersburg","MD","Washington","Montgomery",206,,,,,,,,,,,,,,,,,,,,,,,,,,,,,,1625,1351.5,1280,1291,1425,1508,1415,1480,1502.5,1495,1464,1495,1415,1475,1360,1340,1430,1595,1595,1315,1350,1370,1352,1395,1497.5,1549.5,1500,1505,1505,1491,1500,1482,1480,1450,1450.5,1433,1415,1415,1433,1420,1403,1394.5,1435,1425,1425,1416.5,1432.5,1343,1387,1385,1412.5,1400,1239,1348
"White Plains","NY","New York","Westchester",207,,,,,,,,,2197.5,2000,2075,1977.5,1900,2025,2097.5,1985,2100,2100,2062.5,2000,1825,1800,1800,1825,1800,1850,1750,1775,1925,1825,1775,1775,1992.5,2100,2190,2197.5,2125,2150,2125,2100,2100,2065,2100,2109,2140,2017.5,2042.5,2000,2004.5,2000,2000,2112.5,2100,2100,2100,2047.5,1800,2075,2075,2150,2290,2125,2145,2200,2000,1950,2125,2200,2208,2150,2150,2125,2100,2000,1975,2045,2047.5,1975,2000,2100,2137.5,2045,1800
"Medford","MA","Boston","Middlesex",208,,,,,,,,,,,,,,,,,,,,,,,,,,,,,,,,,,,,,,,,,,,,,,,,,,,,,,,,,,,,,,,,1500,1600,1705,1750,1800,1800,1750,1700,1550,1500,1600,1600,1600,1665,1800,1600,1600,1600,1550,1675
"Deerfield Beach","FL","Miami-Fort Lauderdale","Broward",209,,,,,,,,,,,,,1100,1000,975,995,925,912.5,900,900,975,900,1000,995,1050,1067.5,1030,1095,1122.5,1180,1062.5,1110,1200,1165,1142.5,1100,1095,1080,1075,950,1000,1020,1050,1075,1075,1200,1100,1100,1050,1035,1072.5,1100,1065,1172.5,1277.5,1165,1200,1195,1200,1197.5,1187.5,1100,1050,1000,1165,1200,1075,1147.5,1100,1200,1295,1340,1235,1275,1244.5,1282.5,1075,1214,1225,1225,1186,1253.5,1310
"Altamonte Springs","FL","Orlando","Seminole",210,,,,,,,,,,,,,,,,,,,690,690,690,690,720,770,750,728,720,712.5,707,737,735,725,727,737,727,727,735,774,760,765,760,700,699.5,699,695,695.5,725,750,750,739,739,757,775,757,750,750,750,750,740,740,750,775,759.5,765,770,809,822.5,829,850,874,887,900,891,904,939,850,929,908,900,956,850,909,919
"Broomfield","CO","Denver","Broomfield",211,,,,,,,,,,,,,,,,,,,,,,,,,,,,,,,1058,1090,1070,1049.5,1040,1016,1053.5,1058,1112,1145,1122.5,1159,1164,1142.5,1167.5,1160,1171,1167.5,1175,1193.5,1210,1205,1199.5,1220,1210,1223.5,1202.5,1231,1227,1175,1175,1175,1175,1238,1249,1261,1274,1272.5,1280.5,1367.5,1359,1359,1370,1325,1328,1329.5,1358,1362,1334,1369,1335,1327,1286
"Coconut Creek","FL","Miami-Fort Lauderdale","Broward",212,,,,,,,,,,,,,,,,,862.5,897.5,900,900,900,900,900,875,875,920,933.5,932.5,980,1000,925,950,953,995,995,1000,995,985,950,950,975,975,975,1000,1000,1000,1000,1000,1000,1000,1000,1000,1000,1000,1050,1001,1050,1050,1050,1049.5,1100,1100,1100,1100,1097.5,1070,1086.5,1100,1100,1100,1100,1107.5,1160.5,1195,1163,1180.5,1186,1194.5,1249,1192.5,1205.5,1200,1100
"Delray Beach","FL","Miami-Fort Lauderdale","Palm Beach",213,,,,,,,,,,,,912.5,885,925,925,925,925,1000,1000,1075,1150,1134,1117,1050,1000,1025,1024,1050,1050,1050,1075,1085,1092,1037,1049.5,1041,1018,1037,1005,1046,1000,1050,1050,1096,1100,1133,1100,1100,1100,1100,1100,1125,1192,1150,1180,1140,1112.5,1150,1150,1100,1225,1200,1293,1225,1225,1300,1350,1389,1399,1391,1358.5,1297,1205,1250,1300,1240,1250,1312.5,1400,1520.5,1300,1400,1297.5
"Rockville","MD","Washington","Montgomery",214,,,,,,,,,,,,,,,,,,,,,,1615,1655,1776.5,1568.5,1600,1745,1725,1695,1725,1727.5,1700,1680,1675,1700,1725,1734.5,1742,1660,1661,1709,1680,1760,1603,1610,1616,1597,1597,1643,1629,1635,1609,1637,1638,1534,1545,1509,1566,1560,1518,1590,1559,1589,1578,1615,1616,1617,1695,1665,1702.5,1675,1715,1745,1734.5,1751,1738,1770,1774.5,1645,1621,1631,1570,1675
"The Hammocks","FL","Miami-Fort Lauderdale","Miami-Dade",215,,,,,,,,,,,,,950,925,925,925,950,950,950,950,950,925,950,950,970,990,1000,1025,1012.5,1027.5,1025,1020,1000,1000,975,1027.5,1025,1072.5,1045,1020,1047.5,1045,1030,1015,1094.5,1100,1050,1040,1050,1050,1075,1100,1100,1100,1125,1150,1150,1200,1200,1187.5,1100,1100,1155,1200,1197.5,1200,1202.5,1205,1237.5,1295,1250,1255,1250,1261,1300,1300,1300,1300,1300,1300,1300,1300,1250
"Missoula","MT","Missoula","Missoula",216,,,,,,,,,,,,,,,,,,,,,,,,,,625,630,627.5,622.5,637.5,650,662.5,675,695,665,617.5,595,620,600,645,645,645,645,675,625,625,615,625,617.5,615,645,650,650,650,675,647.5,645,615,695,695,675,692.5,650,675,675,695,695,695,715,795,775,695,735,750,735,740,695,735,695,725,695,695,695
"Euless","TX","Dallas-Fort Worth","Tarrant",217,,,,,,,,,,,,,,,,,,,,,,,,,,,,,,,,,,,,,,,,,,,,,,,,,,,,,,,,,,,,,,,,795,812.5,835,835,845,824,730.5,718,739,781,800,795,786.5,902.5,890,896,925,924,921,878
"Hoboken","NJ","New York","Hudson",218,,,,,,,,,,,,2150,2100,2187,2200,2237.5,2250,2100,2100,2168,2250,2375,2290,2334.5,2245,2200,2250,2200,2300,2273.5,2300,2400,2347,2300,2200,2250,2200,2350,2400,2300,2350,2300,2300,2245,2299,2300,2300,2200,2000,1995,2000,2200,2200,2183,2300,2300,2300,2300,2350,2250,2200,2150,2200,2200,2200,2300,2300,2350,2400,2350,2400,2400,2400,2400,2325,2200,2200,2280,2250,2275,2200,2100,2150
"Brookline","MA","Boston","Norfolk",219,,,,,,,,,,,,,1825,1825,1700,1705,1700,1725,1775,1840,1840,1795,1825,1900,1810,1860,1835,1810,1835,1835,1835,1850,1835,1835,1860,1900,1925,1950,1940,1925,1900,1907,1930,1950,1972.5,1950,1950,1927.5,1915,1930,1950,1915,1950,1950,1950,1950,1950,1950,1975,1995,1950,1957.5,2000,2000,1995,1995,2000,2032.5,2000,2000,2050,2050,2045,2050,2050,2095,2050,2075,2050,2000,2010,1995,2170
"North Miami","FL","Miami-Fort Lauderdale","Miami-Dade",220,,,,,,,,,862.5,850,850,835,850,850,875,875,850,875,850,882.5,900,900,899,897,899.5,900,900,900,900,900,900,900,900,912.5,900,900,925,950,962.5,950,950,970,999.5,1000,975,985,975,1000,975,975,975,995,1000,1000,1000,1050,1000,1045,1010,1000,990,1000,1000,1090,1150,1200,1200,1100,1100,1150,1200,1250,1200,1200,1125,1125,1189,1100,1100,1050,1135,1195,1157.5
"Milford","CT","New Haven","New Haven",221,,,,,,,,,,,,,,,,,,,,,,,,,,,,,,,,,,,,,,,,,,,,,,,,,,,,,,,,,,,,,,,1300,1300,1300,1495,1430,1500,1425,1450,1497,1467.5,1495,1495,1495,1495,1525,1500,1450,1525,1399,1450,1458
"Mc Lean","VA","Washington","Fairfax",222,,,,,,,,,,,,,,,,,,,,,,,,,,,,,1795,1710,1697.5,1752.5,1827.5,1695,1692.5,1800,1850,1790,1674,1694,1700,1646,1600,1590,1650,1652,1760,1750,1747.5,1700,1770,1665,1750,1775,1670,1661.5,1670,1755,1745,1805,1965,1902,1750,1795,1797.5,1750,1758,1825,1735.5,1700,1705,1724,1725,1690,1700,1765,1900,1800,1688,1773.5,1675,1673,1859
"Saint Louis Park","MN","Minneapolis-St Paul","Hennepin",223,,,,,,,,,,,,,,,,,,,,,,,,,,,,,,,,,,,,,,,,,,1125,1195,1312.5,1260,1280,1257.5,1075,1197.5,1221.5,1245,1245,1230,1357.5,1375,1327.5,1375,1350,1395,1375,1425,1375,1367.5,1357.5,1335,1367,1362,1350,1339.5,1324,1350,1375,1364,1332.5,1375,1375,1400,1375,1375,1340,1208,1395,1230
"Aliso Viejo","CA","Los Angeles-Long Beach-Anaheim","Orange",224,,,,,,,,,,,,,,,,,,,,,,,,,,,,,,,,,,,,,,,,,,,,,,,,,,,,,,,,,,,,,1630,1699,1700.5,1695,1702.5,1746.5,1720,1715.5,1690,1712,1703,1739,1725.5,1792.5,1772,1795,1795,1830.5,1795,1782,1756.5,1884,1900
"Doral","FL","Miami-Fort Lauderdale","Miami-Dade",225,,,,,,,,,,,,1050,1050,1150,1200,1200,1200,1250,1200,1200,1200,1200,1200,1200,1200,1185,1200,1200,1250,1200,1225,1250,1250,1212.5,1200,1222.5,1200,1200,1200,1200,1200,1250,1225,1250,1250,1200,1225,1220,1220,1220,1250,1300,1300,1250,1300,1327.5,1300,1350,1350,1312.5,1300,1350,1350,1350,1350,1400,1500,1412.5,1400,1500,1530,1550,1550,1500,1450,1529,1497.5,1500,1450,1500,1475,1730,1550
"Coral Gables","FL","Miami-Fort Lauderdale","Miami-Dade",226,,,,,,,,,,,,1275,1400,1400,1400,1375,1500,1450,1300,1300,1300,1300,1507.5,1497.5,1497.5,1517.5,1550,1580,1550,1500,1562.5,1550,1500,1495,1450,1500,1600,1600,1600,1600,1700,1750,1750,1670,1600,1600,1655,1750,1700,1700,1600,1550,1550,1675,1750,1700,1650,1650,1750,1850,1762.5,1750,1750,1750,1750,1750,1750,1750,1800,1857.5,1850,1750,1800,1792.5,1800,1700,1700,1750,1750,1800,1700,1750,1685
"Charlottesville","VA","Charlottesville","Albemarle",227,,,,,,,,,,,,,,,,,,,,,,,,800,825,825,800,807,900,805,795,770,800,800,835,865,865,862.5,900,850,895,945,922.5,945,962.5,995,897,795,795,800,850,921,920,900,895,895,870,785,780,850,848,850,882.5,875,920,900,925,899.5,900,900,900,900,950,902.5,912.5,850,925,925,905,942.5,906,887.5,900
"Arlington","MA","Boston","Middlesex",228,,,,,,,,,,,,,,,,,,,,,,,,,,,,,,,,,,,,,1425,1400,1400,1437.5,1375,1375,1395,1375,1375,1400,1400,1400,1400,1400,1400,1400,1450,1450,1450,1450,1425,1410,1400,1400,1400,1425,1450,1462.5,1475,1550,1550,1495,1495,1450,1495,1500,1550,1495,1550,1550,1550,1600,1550,1500,1500,1550,1500
"Cedar Park","TX","Austin","Williamson",229,,,,,,,,,,,,,,,,,,,,,,755,725,750.5,773,807.5,775,792,792.5,756,755,784,791,784,795,820,814,825,795,815,805,822.5,825,840,839,852,876,895,877.5,899,875,954,870,874.5,870,861,872.5,857,840,840,845,842.5,870,875,880,889,889,886,920,925,939,950,922,944,967,979,973,1049,959,1024,1009,912,922
"Oakland Park","FL","Miami-Fort Lauderdale","Broward",230,,,,,,,,,,,,,732.5,750,800,800,799.5,799,800,850,850,805,825,825,805,815,825,825,850,850,840,825,825,825,850,850,850,850,850,850,850,862.5,850,867.5,850,850,885,885,895,895,900,900,900,925,900,912.5,912.5,950,975,950,975,950,950,975,982.5,975,975,975,987.5,1000,1032.5,1000,1015,1005,1000,1050,1000,1000,1050,970,1012.5,1035,1050
"Dunwoody","GA","Atlanta","Dekalb",231,,,,,,,,,,,,,,,,,,,,,890,890,859,894.5,959,947,925,965,975,978,945,998,1048,1011,991,947,963,995,995,1011,995,999,973,985,1029,1050,1003,955,959,955,979,1065,1135,1120,1125,1165,1110,1127,1105,1118,1110,1085,1073,1097.5,1116.5,1109,1165,1160,1160,1146,1160,1220,1219.5,1220,1249.5,1240,1227.5,1240,1214.5,1172,1215,1240,1185
"Grapevine","TX","Dallas-Fort Worth","Tarrant",232,,,,,,,,,,,,,,,,,,,,,817,830,795,830,900,905,830,941,965,864,908,908,975,985,982.5,911.5,929.5,923,944.5,956,983,1021,1023,940,985,969,979,999,1077,1059,1087,1094,1064.5,1039,1029,1055,1069.5,1059,1045,1056,1039,1039,1080,1164,1200,1169,1164.5,1183,1179,1165.5,1153,1119,1134,1199,1199,1219,1299,1279,1229,1289,1179,1189,1217
"Sarasota","FL","North Port-Sarasota-Bradenton","Sarasota",233,,,,,,,,,,,,,,,,,,,,,,,,,,,,,,,,,,,,,,,,,,,,,,,,,,,,,,,,,,,,,,,,,,,,,,,1378,1250,1243.5,1240,1181.5,1227,1146.5,1121.5,1135,1189.5,1183,1213,1150
"Bothell","WA","Seattle","Snohomish",234,,,,,,,,,,,,,,,,,,,,,,,,,,,,,,,,,,,,,,,,,,,,,,,,1099,1107,1102.5,1187,1195,1260,1235,1272.5,1247.5,1223,1258.5,1204,1225,1257,1285,1300,1315,1357,1395,1395,1372.5,1415.5,1425,1398.5,1395,1425,1465,1425,1470,1496,1453,1421,1420,1386,1408.5,1395
"Palm Beach Gardens","FL","Miami-Fort Lauderdale","Palm Beach",235,,,,,,,,,,,,,,,,,999.5,1000,987,985,1012,1087.5,1095,1040,1035,1080,1050,1055,1080,1080,1080,1080,1100,1100,1100,1100,1100,1052,1097.5,1100,1120,1100,1100,1150,1200,1100,1200,1200,1200,1200,1200,1195,1220,1222.5,1200,1200,1250,1200,1250,1255,1295,1255,1250,1250,1250,1250,1257.5,1257.5,1275,1300,1350,1334.5,1279,1300,1350,1325,1300,1299.5,1314,1355,1350,1292,1325
"Littleton","CO","Denver","Arapahoe",236,,,,,,,,,,,,,,,,,,,,,,,,,,,,,,,,,,,,,,,,,,,,,,,,,,,,,,,,,,,,,,,,,,1329,1315,1256,1246,1245,1186,1204,1234.5,1221,1235,1187.5,1255.5,1253,1333,1421.5,1245,1025,1067.5
"Brookhaven","GA","Atlanta","Dekalb",237,,,,,,,,,,,,,,,,,,,,,,,,,,,,,,,,,999,940.5,957,972,917.5,950,969,1012,1001,977,950,969,1092.5,1095,1047.5,1065,1045,1081,1272.5,1272.5,1202.5,1297,1299,1275,1142.5,1110,1105,1120,1137.5,1074,1115,1245,1225,1265,1265,1262.5,1165,1140,1153,1280,1240,1330,1353.5,1360,1260,1308.5,1249.5,1385,1292,1289.5,1219
"Hallandale","FL","Miami-Fort Lauderdale","Broward",238,,,,,,,,,,,,,1100,1150,1150,1150,1100,1150,1200,1200,1200,1200,1250,1250,1300,1275,1200,1250,1200,1200,1250,1250,1250,1297,1300,1399,1290,1275,1250,1250,1299,1350,1325,1375,1395,1350,1351,1350,1350,1350,1350,1400,1375,1400,1400,1412.5,1450,1450,1475,1495,1500,1500,1475,1500,1500,1500,1500,1450,1500,1497,1495,1495,1499,1500,1450,1425,1500,1397,1425,1450,1400,1550,1387.5
"Fishers","IN","Indianapolis","Hamilton",239,,,,,,,,,,,,,,,,,,,,,,,,,,,,,,,,,,,,,,,,,,,,,,,,,,,,,,,,,,,,,,,879,879,879,849,849,846.5,844,899,824,846.5,849,827,810,805,810,805,810,827,899,901.5,899
"Woburn","MA","Boston","Middlesex",240,,,,,,,,,,,,,,,,,,,,,,,,1491,1417.5,1395,1295,1395,1395,1295,1295,1295,1395,1395,1395,1474,1350,1300,1295,1295,1300,1295,1295,1285,1295,1295,1275,1295,1325,1325,1325,1325,1325,1325,1400,1397.5,1445,1395,1377.5,1275,1275,1300,1275,1325,1325,1395,1385,1325,1325,1325,1395,1400,1385,1450,1445,1450,1450,1395,1325,1325,1425,1375,1372.5
"Fort Lee","NJ","New York","Bergen",241,,,,,,,,,,,,,,,,,,,,,,,,,,,,,,,,,,,,,,,,,,,,,,,,,,,,,,,,,,,,1800,1900,1850,1750,1775,1675,1700,1850,1825,1875,1875,1850,1850,1875,1875,1850,1820,1745,1850,1997,2100,1999,1750,1900
"Hurst","TX","Dallas-Fort Worth","Tarrant",242,,,,,,,,,,,,,,,,,,,,,,,,,,,,,,,,,,,,,,,,,,,,,,,,,,,,,,,,,,,,,,,628.5,625,675,682,671,705,717,713.5,699,699,707,760,774,754,716,700,705,714,737,749,734.5
"West Hollywood","CA","Los Angeles-Long Beach-Anaheim","Los Angeles",243,,,,,,,,,,,,,,,,,,,,,,,,,,,,,,,2114.5,1997.5,1965,1951.5,1850,1945,1922.5,1850,1850,1975,1895,1950,1799.5,1897.5,1995,1850,1895,1872.5,1830,1895,1895,2104.5,2195,2195,2100,2150,2150,2100,2172.5,2000,2250,2150,2100,2302,2364.5,2407.5,2325,2300,2297.5,2150,2262.5,2426,2530,2600,2550,2495,2295,2500,2174.5,2275,2200,2385,2337.5
"Aventura","FL","Miami-Fort Lauderdale","Miami-Dade",244,,,,,,,,,1350,1287.5,1375,1300,1300,1299.5,1300,1325,1300,1300,1350,1350,1400,1382.5,1399.5,1400,1400,1400,1400,1450,1400,1400,1412.5,1450,1450,1450,1450,1450,1450,1499,1475,1459,1450,1500,1500,1500,1550,1550,1550,1550,1579,1550,1550,1500,1550,1577.5,1550,1550,1600,1600,1600,1650,1650,1650,1600,1650,1650,1600,1600,1600,1600,1600,1600,1650,1650,1699.5,1650,1600,1600,1559,1600,1554.5,1590,1550,1543
"Englewood","CO","Denver","Arapahoe",245,,,,,,,,,,,,,,,,,,,,,,,,,,,,,,,,,,,,,,,,,,,,,,,,,,,,,,,,,,,,,,,,,1115,1030,1035,1090,1140,1229,1227,1250,1258,1274,1239,1294.5,1270,1241,1236,1250,1191.5,1177,1256
"Foster City","CA","San Francisco","San Mateo",246,,,,,,,,,,,,,,,,,,,,,,,,,,,,,,,,,,,,,,,,,,,,,,,,,,,,,,,,,,,,,,2563,2534.5,2600.5,2650.5,2683.5,2680,2655,2678,2699.5,2806.5,2783,2783,2828,2873,2741,2785,2779,2815.5,2666.5,2668,2707,2708
"North Miami Beach","FL","Miami-Fort Lauderdale","Miami-Dade",247,,,,,,,,,,,,825,857.5,850,900,875,877,900,879,875,897.5,900,900,900,982.5,950,925,925,900,900,900,900,925,910,900,900,900,900,925,925,950,975,950,900,900,900,900,949,962.5,995,997.5,1000,975,985,1050,1050,1100,1100,1100,1095,1100,1250,1200,1100,1100,1100,1100,1130.5,1150,1100,1100,1125,1185,1185,1195,1195,1200,1195,1200,1190,1177.5,1200,1200
"Long Beach","NY","New York","Nassau",248,,,,,,,,,,,,,,,,,,,,,,1500,1500,1550,1600,1650,1675,1650,1650,1625,1675,1650,1650,1750,1800,1750,1700,1750,1700,1700,1725,1700,1650,1650,1650,1650,1625,1600,1600,1600,1600,1737.5,1750,1700,1750,1780,1785,1662.5,1737.5,1800,1750,1752.5,1762.5,1775,1800,1850,1837.5,1750,1750,1800,1850,1775,1775,1850,1850,1925,1890,1900,1800,1762.5,1785,1795,1800
"Watertown","MA","Boston","Middlesex",249,,,,,,,,,,,,,,,,,,,,,,,,,,,,,,,,,,,,,,,,,,,,,1675,1650,1800,1661,1650,1600,1650,1700,1900,1890,1800,1750,1587.5,1650,1700,1890,2039.5,1900,1900,1890,1900,1918,1936,2000,2051,1900,1800,1918,1899,1936,1900,1850,1850,1700,1700,1800,1800,1695,1850
"Laguna Beach","CA","Los Angeles-Long Beach-Anaheim","Orange",250,,,,,,,,,,,,,,,,,,,,,,,,,,,,2395,2300,2320,2010,2300,2055,2320,2320,2500,2320,2300,2300,2300,2500,2320,2200,2272.5,2100,2095,2095,1985,2250,2350,2350,2250,2500,2550,2825,2500,2425,2500,2497.5,2595,2495,2500,2597.5,2650,2695,2900,2795,2795,2572.5,2500,2500,2500,2695,2697.5,2695,2695,2800,2950,2700,2600,2695,2550,2497.5
"Sunny Isles Beach","FL","Miami-Fort Lauderdale","Miami-Dade",251,,,,,,,,,1250,1375,1300,1300,1200,1250,1250,1250,1275,1299,1300,1300,1300,1350,1350,1350,1362.5,1450,1500,1525,1500,1500,1435,1450,1450,1500,1500,1500,1475,1450,1475,1500,1600,1600,1550,1550,1550,1500,1500,1525,1550,1500,1550,1582.5,1582.5,1600,1600,1600,1600,1675,1650,1700,1700,1800,1875,1850,1800,1800,1800,1700,1700,1800,1900,1850,1750,1800,1750,1625,1850,1600,1650,1700,1700,1725,1700
"Ypsilanti","MI","Ann Arbor","Washtenaw",252,,,,,,,,,,,,,,,,,,,,,,,,,,,,,,,,,,,,,,,,,,,,,,,,,,,,,,,,,,,,,637.5,645,709,729,700,719,739,800,799,789,794,727,675,695,725,749.5,715,725,759,759,784,759,779
"Bronxville","NY","New York","Westchester",253,,,,,,,,,,,,,,,,,,,,,,,,,,,,,,,,,,,,,,,,,,,,,,,,,,,,,,,2300,2620,2300,2690,2690,2757.5,2790,2675,2665,2670,2575,2525,2620,2675,2200,2275,2375,2587.5,2250,2575,2350,2675,2632.5,2690,2575,2690,2682.5,2670,2585
"Newport","RI","Providence","Newport",254,,,,,,,,,,,,,,,,,1125,1100,1000,1075,1100,1100,1075,1050,1075,1075,1050,1100,1100,1100,1000,1000,1050,1100,1000,995,1000,1000,1000,1000,975,975,1100,1100,1100,1100,1100,1100,1025,1100,1100,1200,1200,1200,1200,1200,1100,1100,1200,1200,1200,1200,1250,1295,1250,1250,1250,1300,1295,1200,1200,1200,1295,1250,1300,1300,1300,1400,1300,1300,1250,1250,1200
"Town of Islip","NY","New York","Suffolk",255,,,,,,,,,,,,1235,1250,1260,1299.5,1275,1350,1350,1330,1350,1350,1385,1380,1400,1425,1400,1380,1430,1400,1395,1420,1400,1395,1425,1402.5,1350,1385,1400,1440,1392,1300,1390,1450,1475,1480,1495,1495,1459.5,1459.5,1450,1435,1495,1495,1495,1510,1525,1525,1525,1445,1445,1470,1500,1500,1425,1470,1480,1500,1500,1400,1470,1524,1422.5,1450,1555,1585,1575,1655,1600,1642.5,1550,1650,1675,1658.5
"Jollyville","TX","Austin","Williamson",256,,,,,,,,,,,,,,,,,,,,,,,,,,,,,,,,,,,,,,,,,,,,,,,,,,,,,,,,,,,,,,,,,,,,,,839.5,835,838,835,834.5,835,833,849,849,815,849.5,818,825,805
"Marina del Rey","CA","Los Angeles-Long Beach-Anaheim","Los Angeles",257,,,,,,,,,,,,,,,,,,,,,,,,,,,,,,,,,2490,2461.5,2475.5,2500,2347.5,2333,2397.5,2352,2408,2350,2350,2500,2500,2375,2500,2500,2572.5,2587.5,2650,2683.5,2625,2600,2550,2662.5,2715,2707.5,2660,2770,2800,2725,2762.5,2690,2762.5,2750,2822.5,2790,2825,2800,2812.5,2825,2810,2800,2690,2795,2847,2495,2800,2910,2900,2867.5,2827
"Huntington","VA","Washington","Fairfax",258,,,,,,,,,,,,,,,,,,,,,,,,,,,,,,,,,,,,,,,,,,,,,,,,1620,1600,1549,1537,1549,1438,1499,1512.5,1500,1467.5,1475,1500,1497.5,1500,1585,1564.5,1564.5,1650,1592.5,1580,1660,1672.5,1450,1400,1475.5,1544,1475,1600,1580,1640,1495,1567,1395,1550,1500,1459
"Addison","TX","Dallas-Fort Worth","Dallas",259,,,,,,,,,,,,,,,,,,,,,,,,,,,,,,,,,,,,,,,,,,1079,900,1015,1015,1004.5,999,1087,1084,1097,1122.5,1082,1135,1097.5,1035,1069,1069,1121,1112,1112,1123,1123.5,1183.5,1181.5,1193,1148,1224,1174,1169,1175,1089,1140,1255,1245,1198,1248,1229,1099,1219,1229,1258,1211,1139
"North Bay Village","FL","Miami-Fort Lauderdale","Miami-Dade",260,,,,,,,,,,,,,1050,1100,1150,1100,1150,1125,1200,1200,1215,1200,1200,1250,1250,1230,1225,1200,1200,1200,1200,1225,1250,1275,1250,1250,1300,1300,1300,1300,1300,1387,1399.5,1350,1350,1400,1399.5,1400,1437.5,1450,1398,1400,1398,1375,1350,1500,1500,1500,1500,1600,1600,1600,1600,1650,1700,1650,1600,1650,1600,1600,1650,1650,1650,1650,1700,1755,1600,1687.5,1600,1650,1675,1700,1600
